91,0004557203,jlkzq,xak@gmail.com,VOGP,289385669082,PSRLERWZPYSI,India,,
91,0009746238,ciiwg,ixi@gmail.com,KYCI,044126601382,IFQOHYMJCOBB,India,,
91,0025620049,irmur,msc@gmail.com,LVAS,370879841231,KEMUNAVNKJHC,India,,
91,0047734128,sgana,qyr@gmail.com,YZEY,449360533259,ZDULRBBEKGXW,India,,
91,0062975491,chbmj,wuc@gmail.com,ZBZE,621989891391,BGATECWCKAGD,India,,
91,0063706746,zygmr,pjq@gmail.com,BRIL,543308048893,CRFRGDHPLPXU,India,,
91,0064111112,pksjd,jeh@gmail.com,RSZV,388938661537,YTVPSGTWCMZR,India,,
91,0065879519,wqrgb,qhx@gmail.com,QFRB,001625506797,DSTCQOSKCNRE,India,,
91,0068734212,avcxz,ryc@gmail.com,VLFV,885275564453,PGNOXFLTSRNO,India,,
91,0069829157,ajnri,urj@gmail.com,IJMT,230619651418,SNLLVAHYKARF,India,,
91,0081128095,pylzv,jeu@gmail.com,FXSW,428255524248,XNINKTBICZBZ,India,,
91,0086976940,owavb,hwv@gmail.com,MKZC,763346650067,EFUMAVEFORTX,India,,
91,0091878159,amhdn,cgi@gmail.com,OWMS,987467514175,USJCDPHLKHAF,India,,
91,0094191205,mwoql,ijw@gmail.com,DJVL,468613272063,UKQZHHFKYHGE,India,,
91,0111807814,ijzux,dvd@gmail.com,FDAE,405471522902,DYTRKXSRAHJI,India,,
91,0122021780,vledj,bjb@gmail.com,KMRC,833010662082,SUYMGBTEWFNR,India,,
91,0138335740,lajxn,aan@gmail.com,JGCH,340634080473,UBYSXRMEFISG,India,,
91,0142063461,ivuhk,dhr@gmail.com,SSDL,097495433292,EZBNUBWBWASK,India,,
91,0150704932,byoko,rlz@gmail.com,WWBG,026524857371,FMJAPBJOARBU,India,,
91,0159603912,mvzgr,hov@gmail.com,IDPJ,842561546985,AGTYXZLDKFGM,India,,
91,0163676903,kmxza,fby@gmail.com,CNXR,125509411631,LJSHDGUNUBAV,India,,
91,0170572027,ahzor,uxe@gmail.com,WJYH,393644798756,CUFNSZYICESI,India,,
91,0177339638,znqvy,lca@gmail.com,QWSG,433336489241,OKPUWLADFAPM,India,,
91,0185424865,hhkdu,jak@gmail.com,BDNX,347473893499,LHUCNTTBHIFD,India,,
91,0189690945,usfrz,clc@gmail.com,RLCE,585747629374,ODREEBRWLGWU,India,,
91,0206745334,ygkls,wmi@gmail.com,RZPK,517635605353,MMGEYVVHNPYQ,India,,
91,0230186353,ltcnp,buu@gmail.com,OVOU,370786012663,CZYGULKPCQIZ,India,,
91,0248938600,qrfpx,lrm@gmail.com,GVOF,886531449858,QCDUDHDXYOJJ,India,,
91,0257345330,jrkoi,nqo@gmail.com,JAIW,868302335149,HTTRILOMAVVI,India,,
91,0260441954,xcfvb,juh@gmail.com,YMCS,019351160000,MSNPNHEAXGIC,India,,
91,0262958214,opdrk,cro@gmail.com,MBPS,941311862211,YQJXCFSDMTBU,India,,
91,0266803787,eczep,pst@gmail.com,OHJM,447224364850,JKMSIAIHAEUQ,India,,
91,0276668361,gnmzs,wjz@gmail.com,LUYT,517927096533,ZDPDNXEWFNHB,India,,
91,0292021324,butwa,vww@gmail.com,GACW,602089972333,RXUKOOYAVNJS,India,,
91,0297762968,igooz,yte@gmail.com,XLVD,851234674421,XKSNPCLHHIIZ,India,,
91,0305644928,qotvg,ety@gmail.com,ETGB,172284041650,MWSXUXWDXPBF,India,,
91,0307249305,tpxja,umh@gmail.com,VFHY,619942836953,VGMFNYQMIMJA,India,,
91,0340242419,bhliq,wej@gmail.com,FTHF,920974081879,YFUQPBEAEJBY,India,,
91,0343917120,vqfmq,ywh@gmail.com,JKFP,791335762501,SPGLDLQRAUNX,India,,
91,0347821932,jtbfq,qcu@gmail.com,XEQX,940851247386,KKASEEZOWNUM,India,,
91,0364024063,npuqi,zwj@gmail.com,DCRH,714572671235,SIUCHXSTRXYS,India,,
91,0366310046,rchkl,poq@gmail.com,HAGB,410567237754,JRQJGSATMZAQ,India,,
91,0398010812,auijt,fya@gmail.com,CEBT,361955684250,LSHEQJGZJXJY,India,,
91,0399512712,sujxi,rhw@gmail.com,FVLB,665577516700,DCWYQRRIQUFO,India,,
91,0411986620,rkarh,lqh@gmail.com,SZUQ,237388438720,IECHEYMDSKRP,India,,
91,0414345145,rnyhg,rcd@gmail.com,KAZV,350520350874,MFMIHSLVYMTV,India,,
91,0418056884,syhgx,jrv@gmail.com,QQNB,095942914458,KGDHHCBTVOLP,India,,
91,0427497039,qyeir,hwe@gmail.com,LUTF,340248891313,MMOWYAADKWXS,India,,
91,0431638804,epkqo,ybb@gmail.com,CHHB,395523939207,MOCVCSDCNTXN,India,,
91,0437292350,tnnpe,tvp@gmail.com,EGVW,828651131897,JHDEWROFRGLD,India,,
91,0448698825,wxxjw,wtc@gmail.com,BSSW,279973120488,MHATYCSTTELI,India,,
91,0450928021,igumy,dmr@gmail.com,LWWE,035648993257,UAJTESSRVJUX,India,,
91,0460056503,zpaue,njd@gmail.com,PYJE,758773906297,PWUUGMGXTKGZ,India,,
91,0464793391,oranu,nyc@gmail.com,BABL,543536029809,CEIQLLZYCSXC,India,,
91,0493915899,ichzj,yby@gmail.com,VHTO,426898837766,CLAKOIQGKKBE,India,,
91,0497141073,wakby,joa@gmail.com,PRVG,501990269527,FGKXQBIBDOWP,India,,
91,0501565640,zbjuu,vej@gmail.com,OFXQ,189061586346,UOZUTFIPWQAG,India,,
91,0507076165,pxncr,iut@gmail.com,XIRO,348508475289,KSXNGAPNMEHL,India,,
91,0514205681,uxurw,lsd@gmail.com,LYET,619919760962,THUAINYCEEMH,India,,
91,0516934572,htnbp,nfp@gmail.com,TLZN,546226964342,WOECDQLYVAUQ,India,,
91,0519870581,prxsv,myl@gmail.com,ECKP,321876943580,UTMAPSZNSXQM,India,,
91,0521012060,ijjyb,hkj@gmail.com,TQCQ,765142375758,UBARUPPZWZXG,India,,
91,0529127223,qsgvh,tgv@gmail.com,VFKC,460366042349,LNPHKHLSJLNV,India,,
91,0540534060,histy,vvw@gmail.com,ZPAI,855552983364,YESSXCJFARJG,India,,
91,0543029595,yptys,ubr@gmail.com,KKTU,881235035943,BUYGBKBKCOCK,India,,
91,0548639886,hbphc,jrc@gmail.com,BFJL,344245077328,ZGPPBGOTAPPK,India,,
91,0551157294,pqsdf,yxk@gmail.com,VRGQ,812248010141,QFBXGRFTZXZF,India,,
91,0552903322,apcbp,jab@gmail.com,KERO,626907949213,XJZIGHDVRJZF,India,,
91,0560774140,tjmeb,zpi@gmail.com,LXWJ,380497711188,PMJLHTVYFARP,India,,
91,0577466344,ibpsb,tac@gmail.com,UYQM,705734700528,IEFUCMOJHFAP,India,,
91,0591148250,cqbbh,tot@gmail.com,DQES,607879474134,TXPSDYNAKAWZ,India,,
91,0604699941,tqfjy,ent@gmail.com,CTOG,592609270702,QCDHJBZYWUMS,India,,
91,0607218282,dcspk,qxp@gmail.com,LIQO,179877415955,FIJDWUBUYAEL,India,,
91,0615226333,cperx,djw@gmail.com,TKEP,204677303997,QSVYYLLUCHBC,India,,
91,0622358046,haomm,yuf@gmail.com,XSRC,084242846855,QTICZOSPXKSB,India,,
91,0635733212,npzlq,ekk@gmail.com,DOVM,666573095024,KZVRMTQHRYXD,India,,
91,0641467526,assov,orb@gmail.com,VGZP,639406559209,PXRVCSCJDJRU,India,,
91,0643398952,raudv,alc@gmail.com,UASV,341883243408,NQDXJYYAHBQR,India,,
91,0657971014,acskv,ivu@gmail.com,DZJT,939406953639,CLKHEAYSBYBQ,India,,
91,0658856690,zbdne,uow@gmail.com,AJDF,711894890430,YEPGJGEGJXCM,India,,
91,0671942959,pqhyo,zgq@gmail.com,PMMM,924989042658,EAXHWAKMUTOO,India,,
91,0679169720,zvnug,kyd@gmail.com,RKEX,934299873208,MPRXXVSDTMTR,India,,
91,0685438301,wedpt,lap@gmail.com,KEDH,218984725166,PMZWTYSVMJRK,India,,
91,0693380778,yxjau,wmc@gmail.com,VVZI,406481483231,AVZMUNZAAHLF,India,,
91,0710877809,scvxt,oug@gmail.com,NPJW,201084877564,AMTIGFWYTLUS,India,,
91,0717478799,wsaff,xfs@gmail.com,DPMV,274450169806,ZIFMAVIVJLII,India,,
91,0718758179,tswty,ktl@gmail.com,GRNK,451959393390,AYWABTFLJJKE,India,,
91,0722798721,nughg,seh@gmail.com,NELQ,782861373677,WMOUPKPVBAUR,India,,
91,0725566690,lkvmw,emg@gmail.com,JLFZ,961651923369,ZHISCNJEDSOE,India,,
91,0736268667,sgbeb,xru@gmail.com,XVJC,012380989418,KESMTKRQVELO,India,,
91,0737309840,cvqyt,lgk@gmail.com,IBQP,581286516860,BULGFWRRYDVD,India,,
91,0742895138,bxaew,mqr@gmail.com,HCCH,539631182850,MARUHNWXCEXI,India,,
91,0750553513,razxd,ufs@gmail.com,HVRB,947630661384,XZQXZBJBJSTM,India,,
91,0760913318,dnfuh,imx@gmail.com,DUKQ,318554151814,SWGLVLDFSLZZ,India,,
91,0763918874,nxryh,tzz@gmail.com,JMXY,299497403201,JYPCEDAVJKJD,India,,
91,0769053959,diecx,wgf@gmail.com,BMYH,161924418406,KDDRTAOPRGDB,India,,
91,0771871848,zlsts,ory@gmail.com,ZUPG,715519969485,BHSOZSULFORA,India,,
91,0779992573,hoahm,pit@gmail.com,XPLV,904957735275,TWKQVJBATJWV,India,,
91,0782911094,rynnt,wlc@gmail.com,HPJD,883167827165,HAKSMFWYUDDC,India,,
91,0795287477,lplvk,lsj@gmail.com,CLDG,934224820669,XOAJXGLWHUHU,India,,
91,0806866898,naoyb,peq@gmail.com,KRLZ,349055997303,FTLTTATUKOYG,India,,
91,0812123202,xkxye,qgo@gmail.com,JNQW,929663982083,WARJDTLAYZVM,India,,
91,0818265184,ridwn,amb@gmail.com,DANV,033210982281,KFSLGAECXMPY,India,,
91,0827882877,zzxhd,wij@gmail.com,QZDE,723055540617,CVLBYMYXKXWL,India,,
91,0837950392,nlmgx,jfj@gmail.com,IRFU,701884486301,XJRQSZKIRXUV,India,,
91,0848896665,lvmxa,zgx@gmail.com,AABD,966525729525,UCLXIGSJTKFQ,India,,
91,0873749038,ybmxy,ewe@gmail.com,EOUV,432006495276,VIXZBSTPINDP,India,,
91,0875487579,audao,kvn@gmail.com,GQHT,950132494263,QQWCAHRAUSGE,India,,
91,0878466011,scenn,pez@gmail.com,RVSE,250308460164,YPDJUYNELWTJ,India,,
91,0878905835,tbcoy,xxe@gmail.com,MTUG,924722621594,JPSEZHPCFTKT,India,,
91,0888513385,lilpj,adi@gmail.com,GLHM,084042015086,GKVVWAYORQFD,India,,
91,0890836452,qlrqg,utx@gmail.com,QLGU,774104166148,UIOFNPCHQRUL,India,,
91,0896885298,kajbm,utm@gmail.com,DSBZ,587013740549,PVALLJCRLAVI,India,,
91,0907218966,jhdoq,luv@gmail.com,SJCV,922741650089,WFKKRKVVKZRU,India,,
91,0907887022,bamsr,ylc@gmail.com,LRDF,703214586975,IHDXNDJDHVAZ,India,,
91,0909643699,mvkyr,gth@gmail.com,UHEA,956764336635,RQISZHRHLXTO,India,,
91,0914650920,widsk,zli@gmail.com,GUOS,520633044961,HKFAQGKNWSGA,India,,
91,0915200067,jjqwc,cil@gmail.com,YIMS,192649546234,RWJWCDCNTYJU,India,,
91,0921035756,gpnhl,hsp@gmail.com,FNDU,229678348017,ZISFJQKYDLUF,India,,
91,0931992205,ywobq,rub@gmail.com,NFTW,641301453680,OASDJPWMKVQL,India,,
91,0934330675,ybhrh,ebx@gmail.com,EBTM,479280837006,LZBWBRGXQPGQ,India,,
91,0934521870,vhmlv,fww@gmail.com,VBKK,059967528721,GRRBOQPCFPSE,India,,
91,0942120212,ezafn,ong@gmail.com,RHES,817415724157,TOIPLSKQOZEQ,India,,
91,0955827864,bwbru,hfp@gmail.com,XKRH,015573353333,ESODSEDYQTXD,India,,
91,0956466432,xzyrp,dzk@gmail.com,DXKT,475771386072,WROVCDBPCZKE,India,,
91,0960542220,nedhf,gve@gmail.com,EDKY,917860025653,KZTPDBZFASID,India,,
91,1011947414,slzcb,fjd@gmail.com,GTQC,141870630664,DOFMRSUOSYJP,India,,
91,1015925150,aqpwj,yvg@gmail.com,QQAO,516223176839,OEDJUXYPJUCJ,India,,
91,1032252543,mfbsy,lah@gmail.com,XTRI,386387150929,IDUDQTCBSKEM,India,,
91,1037386945,ljwhk,eql@gmail.com,MGXJ,991173695264,SFKKPTWHAGVM,India,,
91,1037814016,kneai,eve@gmail.com,EXHB,823314708087,OEVECJNHOFCJ,India,,
91,1046751036,raidt,eqa@gmail.com,FHIE,746518302152,LZLQOTATQSTC,India,,
91,1049980331,hckxp,rkh@gmail.com,JBHZ,147965591558,NQWXKLFZISAW,India,,
91,1057779686,wpnwt,sry@gmail.com,YFEW,553349510113,HPTYPJIULVML,India,,
91,1069122295,dbjaj,jwy@gmail.com,OGLN,251398245918,JWVYEPUVYUVN,India,,
91,1075507620,urkko,yqp@gmail.com,UFZC,025015981917,UPJDKBTHYOTO,India,,
91,1075706332,hlccm,xou@gmail.com,YOHE,471192184241,GFXCDDRLTNBJ,India,,
91,1075815742,jdoeo,viw@gmail.com,NJHC,853673007769,ZISCQPOUNZAV,India,,
91,1077583340,srdhf,cro@gmail.com,LIJQ,510496203950,SPOETITJARWX,India,,
91,1112254684,rkkex,vre@gmail.com,TDZZ,256533042298,UGYDPDBZXROS,India,,
91,1122469695,yeihs,yvy@gmail.com,GBNM,566010327877,HBOMEOQBVDSF,India,,
91,1122892307,znoot,djn@gmail.com,FIJQ,277380853390,PAWCSGGULDSQ,India,,
91,1128672974,ukhda,jjh@gmail.com,ONIE,243369325389,RCCEECDZTLTW,India,,
91,1133458633,qqvui,ftb@gmail.com,WDQO,785706747637,SRODTVSXWGPL,India,,
91,1145246261,mpixf,kdi@gmail.com,KLJN,722355049324,GFWGDZQUBRJJ,India,,
91,1156557726,hukmt,vcu@gmail.com,ALQD,779351459523,QAQRWGXSEUDC,India,,
91,1172389093,hbhpr,dph@gmail.com,HUER,356754897032,ZPMXYIUFDQXD,India,,
91,1178779990,fpjrb,qwu@gmail.com,DCFF,585762846991,JVNQZCGJQKCX,India,,
91,1217495044,eihhh,twg@gmail.com,KIOR,413604735432,QMEWWCMLCHNV,India,,
91,1220981570,qigwl,xlg@gmail.com,QOSN,010415526532,XXZOPXDWTQGE,India,,
91,1228926737,vupmz,kkg@gmail.com,KSGV,005588549463,SZAKZGWRXHMG,India,,
91,1230371186,agxfy,txv@gmail.com,OMFP,071635760735,GABPHIMQHPEM,India,,
91,1234471467,cmqab,vvf@gmail.com,RDJD,941053738368,XVXRTCVDHMIR,India,,
91,1255109517,qepyc,tmb@gmail.com,DCMM,669462926380,TNAZFPJYNQJN,India,,
91,1263707423,kmcuq,dxm@gmail.com,JBRJ,351440546295,GBQLSNTHIQNY,India,,
91,1269417913,sdrur,oyl@gmail.com,JZVQ,071909231662,LKRQDIYLNEQK,India,,
91,1285299777,qdmyx,nst@gmail.com,DQWK,637304517212,ZWZHAQJBSHNV,India,,
91,1313373228,hmssg,vod@gmail.com,QXZN,023301549194,RZHXLVPSVFGC,India,,
91,1316357942,yovrn,ojv@gmail.com,NYCI,777938535272,AWNOFVNCFWUZ,India,,
91,1319381542,buxhx,xml@gmail.com,CYTL,521874829528,QVOUDKXWSCXI,India,,
91,1322411434,jxiue,ker@gmail.com,URBS,971546823045,RMCPJGPKFSYW,India,,
91,1352060075,sezvw,xzo@gmail.com,ASDO,859762529585,THQTJRTIRWOX,India,,
91,1356310383,pbdxo,ekw@gmail.com,IKAY,075419334080,ETNPBUKUZNZR,India,,
91,1358236080,sfzaz,kuf@gmail.com,TQGH,353436755550,SRTZHPXIOHNX,India,,
91,1390539890,qxfks,esk@gmail.com,ZEIS,648498880763,PPWKCWPEDQJZ,India,,
91,1392876639,leqde,kwv@gmail.com,KDBE,445129291051,PYKKCJAQPYUP,India,,
91,1393504366,esotj,lxb@gmail.com,AJQA,860078390211,PUJDCNJKFEAE,India,,
91,1393821786,bajcj,cwe@gmail.com,QHIB,641085297315,KLYTPEPIWUYJ,India,,
91,1431292408,awltb,nkj@gmail.com,WJIJ,410491148133,DOASZJEQGQPS,India,,
91,1431645815,ywtlo,qoq@gmail.com,VJJB,476978127954,VCRPRCOQLYZL,India,,
91,1446174651,brocs,vaw@gmail.com,KSPB,525630103506,ZEXAWVGAUQVK,India,,
91,1458184266,ioetx,npe@gmail.com,FZZX,509965632413,JNGBHTNONJDT,India,,
91,1472720448,wbhmb,chu@gmail.com,BIXS,633588480242,DUAZSGYBZLUZ,India,,
91,1496228942,ljfep,gan@gmail.com,AATG,777039150678,MUPEVWQDQJEX,India,,
91,1501662791,aowrd,qzc@gmail.com,CJLP,592533046561,NEFAKHETLODF,India,,
91,1505837302,ndcxx,max@gmail.com,BUDP,898574022322,ERBEUMDNYTEK,India,,
91,1543733421,pybnn,sce@gmail.com,YEEF,897508340331,DLAEWTDDZNHC,India,,
91,1549864085,htzuw,gly@gmail.com,SZGZ,909914402491,CSWNQADXUOGZ,India,,
91,1550990999,ucqdm,jxa@gmail.com,OYTC,965168937764,MGLLPYXYRBWQ,India,,
91,1553919763,gxneu,pxo@gmail.com,VNYK,006448445438,QKTSJTFDGTMW,India,,
91,1554647555,kiqmt,rqe@gmail.com,XCTR,718991142682,ZCPJEELSZNXE,India,,
91,1563953827,pegsr,zaf@gmail.com,GDMY,695095822656,XURJIBQOOEZN,India,,
91,1564706421,vnpwi,xpx@gmail.com,RAPK,866515729632,CYDJJYOWYKEE,India,,
91,1570832015,asdnn,hpx@gmail.com,CERK,570814307740,XDZTEANTAFIS,India,,
91,1573069390,rrquq,lnv@gmail.com,EXYC,208920851827,GCKVOYIJBICD,India,,
91,1588112661,qfnvq,oau@gmail.com,UCFX,724733953614,XHGLGCPQQZNU,India,,
91,1601838210,tnnqi,hig@gmail.com,DZOU,973570321989,EMCDWSPLOYXP,India,,
91,1615430536,qdcbd,yxj@gmail.com,RLJX,015222217408,STZNRLSTVKPN,India,,
91,1617364403,irvsn,lju@gmail.com,AHVU,243947898229,XPBVVNJAXDIV,India,,
91,1619548584,hvsbe,erf@gmail.com,KIWE,699650889160,QBJPUFGFFFBA,India,,
91,1625250586,vioko,fzy@gmail.com,HGPJ,216795095607,XSHXREZVDTBI,India,,
91,1630791012,yqlpw,dpm@gmail.com,HILK,664066897113,MDQYLZCKWQGL,India,,
91,1656004562,hkylj,bbk@gmail.com,OFOE,656828949845,AAZGYYVFXKCY,India,,
91,1660674138,qyjgt,gdg@gmail.com,JEFN,420120770603,RWLRLJQEKNQX,India,,
91,1664526190,rglya,wyc@gmail.com,UIQY,955129502700,HYLEJZHTGNBQ,India,,
91,1666981471,qhiml,vnk@gmail.com,REOQ,904365400115,ERTLNUBALAFD,India,,
91,1668053899,bpewy,epa@gmail.com,OCDR,428510501537,WYMMXYIFGEKX,India,,
91,1672525919,dcqxo,baw@gmail.com,LEDA,669471567110,XGFLTZITGSJZ,India,,
91,1687546862,jexou,xcs@gmail.com,HNIM,144276904253,ZCSOUZXNJBEN,India,,
91,1687993107,ivcmc,oft@gmail.com,ETTN,708337076921,XYOKNKSWEDQN,India,,
91,1695037678,zcwgh,jtk@gmail.com,TPRA,741310184546,LUJWWMBYQRVZ,India,,
91,1695364819,qvqgw,btp@gmail.com,TTZB,046379683271,HMDRDKPQJLKR,India,,
91,1719165377,mvlbk,duq@gmail.com,JJHH,267540147244,ZWIQABQPYLKG,India,,
91,1727628959,kdcvx,epm@gmail.com,ITWU,803367069789,AFHMUYBQVKKW,India,,
91,1742345640,yeiec,san@gmail.com,SXDS,551494220895,XYXAUWUJOBAS,India,,
91,1745584811,pibhw,nlo@gmail.com,KIIA,039722772461,DTLLOANNJVMZ,India,,
91,1773032698,hqqks,gcg@gmail.com,GCIF,793566068109,UGDCKJVIKXAD,India,,
91,1786035638,exgmt,vuq@gmail.com,DDDY,502571423509,RVXQJSXBMHEC,India,,
91,1796823292,gnqad,xac@gmail.com,HZJC,092698167936,NKVVFUFPYIRJ,India,,
91,1801520943,pxhus,nes@gmail.com,ZUCZ,852083744384,SYFRSEZZNFJH,India,,
91,1804480004,vygda,vgm@gmail.com,JBYO,310201102150,XBXZDJWKYKDQ,India,,
91,1807964827,sqdci,yko@gmail.com,USMP,824160672950,FDPLEJFQPRLF,India,,
91,1829762912,iqlaj,vpz@gmail.com,UUUK,666445553383,TLJEJSXPRBQO,India,,
91,1840963902,nndpz,uqn@gmail.com,TGUK,226715224991,MAWJRATUNXEQ,India,,
91,1844060291,ezqcl,ahv@gmail.com,JJLE,674638699569,CEHAHCNFRVSL,India,,
91,1844448366,uexeu,axk@gmail.com,GHJA,266172664059,AYTFHRPQDEVR,India,,
91,1863127209,yissi,xda@gmail.com,UFLH,625368893302,UDMKPBYBKRZD,India,,
91,1869896731,fogzo,djq@gmail.com,FPRN,536503104697,JDOYAQHWJIQF,India,,
91,1880658943,porwx,lmy@gmail.com,GZNM,510731689438,LZJYJIEXACZU,India,,
91,1881015094,dtmat,njg@gmail.com,XCUA,252363729165,WLKXQSMQJMNP,India,,
91,1884699741,zgpko,owv@gmail.com,NWVJ,991499717513,URUTTIPHVJNI,India,,
91,1904915282,tlvtk,rep@gmail.com,NXRL,791316098314,SIJXYWNVAIEP,India,,
91,1919842166,xnrkj,lvm@gmail.com,XMYX,277186731452,CKFLIMUYLRVP,India,,
91,1927760123,qaxdw,icq@gmail.com,CNOR,159311329221,GEHXHEURMFAO,India,,
91,1938373293,lhulf,syp@gmail.com,JEZB,776798020860,SIIYBWLYQWAF,India,,
91,1947240537,dsnmd,lox@gmail.com,ZQNM,293998657364,EKQCAQCYTIDQ,India,,
91,1947533924,munzq,dti@gmail.com,SCLT,895358811937,FSOCEBWSCEPF,India,,
91,1948804041,upawq,aoy@gmail.com,LJCT,145480405747,JXVOZBNSWZTY,India,,
91,1951568983,rnpuy,ynw@gmail.com,SHIO,488860911944,EDHRCMGGVIAJ,India,,
91,1955664137,iiwmq,otf@gmail.com,KZGP,608112661794,PAHOHCHNBXQX,India,,
91,1988867331,dwbns,twq@gmail.com,KCED,374808476518,XBYBUCUQHMIG,India,,
91,1990187290,lndkv,dsp@gmail.com,TSVQ,575320189712,WYAFGNWPVGOF,India,,
91,2017731692,hegmq,pdw@gmail.com,DVQR,769782855254,XGCCWIYWQQUK,India,,
91,2035961894,imbvq,dad@gmail.com,EEKT,656768128180,PHWJNGSLCJPT,India,,
91,2055957685,szuhk,jwe@gmail.com,GRCL,250977539179,WKVVWIVGLUYV,India,,
91,2060389011,cwmgx,rav@gmail.com,WDZO,708277644670,LAYPPYXSMVRJ,India,,
91,2062203080,ikgum,ept@gmail.com,JYHY,946920407041,KGMCBQYMNMVX,India,,
91,2074667746,nqaoq,tdw@gmail.com,XFBT,417942627097,FJBMIPRSVSFM,India,,
91,2076255683,gajby,siq@gmail.com,ZOAJ,657962181515,VFWIMGXYUBZK,India,,
91,2097443150,niokc,kwl@gmail.com,GIVY,378472618264,AYWFBZHZARPQ,India,,
91,2103867865,ezjuu,oba@gmail.com,YZGI,256289643194,KXZNUFODTOSL,India,,
91,2108979130,dwccq,shz@gmail.com,LLRV,265965270401,RJWIRVEJBDQB,India,,
91,2136023715,ohuvr,ucf@gmail.com,EXNS,860343269310,EBFLVBRIWWDY,India,,
91,2138456488,qydph,edf@gmail.com,DGJF,925977392980,PGYJWAATFVOU,India,,
91,2138730990,gccno,bat@gmail.com,IARJ,633944576758,IYPKJAWSGEVD,India,,
91,2149293165,mwjqo,tkl@gmail.com,LRQQ,749139485967,EGEJMLPORDWY,India,,
91,2160720502,vjxia,kwa@gmail.com,VVAY,007886312622,UBQMEJNEFZPI,India,,
91,2169392415,nrxls,nui@gmail.com,UVUZ,747600752187,EPVCOLUWUMPP,India,,
91,2169530903,lnycf,zpf@gmail.com,JSGH,623038512045,EKRUMOCHYYPB,India,,
91,2171661164,yqylf,vhn@gmail.com,GJWF,607097117195,MXJTRXBNQWZU,India,,
91,2175018538,gkdvg,uhw@gmail.com,KXYQ,194965270874,LQFDCAJAUKAZ,India,,
91,2190343915,fzora,qie@gmail.com,UCWA,570150197465,XADJSGJLLLOO,India,,
91,2219103346,zybrg,bjo@gmail.com,LROO,861056341351,QAILXGWAYOPE,India,,
91,2226626828,dfunr,xml@gmail.com,ULMF,762853926476,QDJOTXKICMHU,India,,
91,2230042191,wcobt,yqe@gmail.com,SJEZ,252156562901,KCPDNCICZTZE,India,,
91,2243701345,kqlch,jew@gmail.com,OGCO,930069883804,DGGSCZPCSMKM,India,,
91,2245179654,xpkcz,byq@gmail.com,ZCGR,654788596136,ONWVMTOKFAFJ,India,,
91,2258882272,oozoi,uek@gmail.com,EJTU,809853407891,SOJNKVPSIWFC,India,,
91,2267925914,ljozu,ckl@gmail.com,AHYV,792572431975,HEQCRCETDYJY,India,,
91,2302348247,txopl,ifg@gmail.com,NNEB,270256055006,GWFWIJIPDXUI,India,,
91,2312910113,qiojq,vvf@gmail.com,EXDW,355238499262,LKJQDTLQHKJL,India,,
91,2320499696,wslvb,zep@gmail.com,AZXZ,241981600924,NCEGAVVJMATD,India,,
91,2323008739,svewr,hoe@gmail.com,RKRN,235374650202,UGMVATXAWZXH,India,,
91,2324984125,uqxmn,pzz@gmail.com,ZEJH,958944165960,BGVCXAZWZYTA,India,,
91,2327693804,dyafj,fph@gmail.com,RNDC,943906625986,RVAVJVVZXCMH,India,,
91,2350601845,mmima,rce@gmail.com,SVGK,824732085857,FNNZXJUJOOOD,India,,
91,2354754713,rmkfu,ggz@gmail.com,DOBH,757512124897,CTQQKFRDBXEI,India,,
91,2358506521,kfvzd,erf@gmail.com,ACZZ,104990455953,FAOLHWZDPOMQ,India,,
91,2359136165,skkbp,iir@gmail.com,DPGG,695352496720,OTRQYUFFRSWK,India,,
91,2364004379,yhpbw,zvs@gmail.com,ROWF,559704687664,BQOESHCOKCWY,India,,
91,2379444151,osajg,gju@gmail.com,MVRU,974133021900,WHMHCILWNJXL,India,,
91,2395764020,zgcwi,exk@gmail.com,YUZH,976439569404,ICBUPXYPTSYL,India,,
91,2397417024,ttzpo,xea@gmail.com,RWNF,640293511614,MKLUCXIJESYZ,India,,
91,2399737599,xzqum,nha@gmail.com,ZKHD,895330269915,VVPIKAPTNROH,India,,
91,2411006587,wflzj,hco@gmail.com,CHPS,395520332693,ZRBHOOTDAUGE,India,,
91,2417253888,fjwme,jjb@gmail.com,RDAJ,611203920488,OQUCLHUNPGAW,India,,
91,2422761458,ewzog,llt@gmail.com,VUJU,921282661381,FNAQLSMRKPAW,India,,
91,2430619147,mwruk,qes@gmail.com,NCEB,300314371726,DFUVRTACXEGV,India,,
91,2431265016,ppnxw,tam@gmail.com,DNXT,087173675239,QTZFUFDECBAE,India,,
91,2442961309,bmrqv,zyd@gmail.com,VIPF,489160450364,VMBHSIGCWAYK,India,,
91,2449103755,jwmqn,wub@gmail.com,KYUK,187763681785,CFJYITLLUXIJ,India,,
91,2449509301,wtidy,atu@gmail.com,AHKJ,843727116987,MOBZPADZDGIW,India,,
91,2474979831,tnslc,bjs@gmail.com,GBWE,201922652262,DLWTTMMRHZBP,India,,
91,2487359115,nihkt,imq@gmail.com,JPJY,019142954207,OLOVYBEQISJA,India,,
91,2499944090,irsut,gko@gmail.com,RJXW,107867432084,YMCMLLSSNNKA,India,,
91,2500227230,zbeqn,mha@gmail.com,JVHJ,173971520459,SALAUQQBYGDF,India,,
91,2503183078,jnbfd,lyp@gmail.com,BGGP,135089664883,GDZBOKDAFKOM,India,,
91,2524509280,gungm,gbj@gmail.com,RQQY,968111798127,IAAVSYJIMAIZ,India,,
91,2528625089,ogaoz,lft@gmail.com,WNMO,649076333018,ZQHVNOZEEGSP,India,,
91,2555605017,bapbu,wyv@gmail.com,OIRP,823524601002,QPABGCXNQMGO,India,,
91,2558393711,bgvcb,abb@gmail.com,QDHJ,371397283159,XMEUQQKCYBHH,India,,
91,2561546894,jjzwy,bwq@gmail.com,SKJK,773429932098,RWAUDNCIPEJQ,India,,
91,2566104898,quftb,itg@gmail.com,HETV,513075936084,AGRYXMJRVREC,India,,
91,2568987809,wcjda,vao@gmail.com,SQKV,093104952178,MBMXECQNHKBG,India,,
91,2581867605,whqye,fdq@gmail.com,IYFU,466232926412,ENTNLTIBMHAV,India,,
91,2604705674,jzpwy,yde@gmail.com,FTNU,520960735367,HJDNOYQVILIX,India,,
91,2610178125,fgdqq,sfs@gmail.com,ZCIS,420530674329,NKYCJOFANEJD,India,,
91,2612700852,ohmdu,oce@gmail.com,ECDW,852789773669,CEPGLPXIMPRT,India,,
91,2618083178,mgzbs,ybp@gmail.com,PPGT,977142339018,DAVFPEWVFUPS,India,,
91,2619586339,fztyh,mfk@gmail.com,CVGR,173202197367,WQCHYIJWVLZZ,India,,
91,2623099316,wgmvg,hws@gmail.com,AFMR,927003601755,KEKRVFJVIAFG,India,,
91,2672231508,vdgpd,tmo@gmail.com,DVGG,894008040485,HRIEKPVVPFTR,India,,
91,2682103543,jebaa,ctj@gmail.com,KLKD,353911705917,BLNGDZIUAIOO,India,,
91,2685433451,grcww,ing@gmail.com,QQYK,728847358705,EVGBEXXHUBCG,India,,
91,2733972927,dkbnp,sps@gmail.com,ZQGC,236923863731,DTVCISPALZAP,India,,
91,2738473166,sitvo,rkr@gmail.com,TGBA,437868268025,BFHZLMIBCREG,India,,
91,2739687314,zshcg,ocu@gmail.com,AGHH,065718686654,ENGMBOSBEIDU,India,,
91,2749974972,gqork,lza@gmail.com,JLBL,633975668387,UNJHRKPYNXVL,India,,
91,2752104429,wurpx,cwv@gmail.com,QCIN,555574761250,HCTIBYGNYOXM,India,,
91,2755998471,kbsyq,sql@gmail.com,XQWT,013664846751,WHFUZGWWNXQC,India,,
91,2761169513,yqlci,rgg@gmail.com,CVHO,312166430912,ZRIWJTXAPXOP,India,,
91,2772881765,nzyey,cgb@gmail.com,EJBY,902139166524,PGGSYHXBFOGM,India,,
91,2782812854,folrv,bqo@gmail.com,TNPM,256421669797,TLHFIWDUBFKE,India,,
91,2788959287,blvzh,mdk@gmail.com,AUYR,808672149182,GIISFECBQALA,India,,
91,2790701075,hpwip,fkx@gmail.com,QZSG,910537615226,ONBZVIOLFGDN,India,,
91,2791553159,mvngk,pgk@gmail.com,DENV,545659494815,TQXXSNCTQTDZ,India,,
91,2793956584,rqudn,nfz@gmail.com,QQMH,620652570682,UNXHPQPHZLCS,India,,
91,2812005397,zugns,yas@gmail.com,ATCJ,198851657746,RVEERJOUXKSE,India,,
91,2816472229,spzuw,nof@gmail.com,BDSB,182806923038,NSKUFDGTLZTF,India,,
91,2819417342,mfhip,mks@gmail.com,FKWP,959355057334,JTSWBUBLPJWY,India,,
91,2831916309,tcial,sbf@gmail.com,FTBI,271448600705,MPOLWPMZVVPN,India,,
91,2834260622,idype,taq@gmail.com,TEBF,481607248105,DSDMGUEHTWJV,India,,
91,2836572455,wiolz,xla@gmail.com,HAFS,005809528862,ETRPSEBLSDXI,India,,
91,2858117334,fmuau,mys@gmail.com,JSFM,685617541999,ZDPHNMVRRAGT,India,,
91,2890496202,aunlq,gbg@gmail.com,KFCN,844069855619,ODECNXYSQFHJ,India,,
91,2893311056,tvlna,psb@gmail.com,VOEP,759989943793,IOVFXRQHGLEK,India,,
91,2899986345,qjxwg,uoj@gmail.com,XNAX,366694506310,TLKLJKRPXDBJ,India,,
91,2908048998,qzklz,kuf@gmail.com,KQNB,763773146591,YRKGBRKIJJVC,India,,
91,2912744147,yzagy,sos@gmail.com,RHAF,078275758098,PXYGTPOUYMWH,India,,
91,2919685085,jjgkh,jhe@gmail.com,YCTZ,425742220790,XKCYZQDLXGFN,India,,
91,2926790211,xjpca,vdh@gmail.com,IKIQ,729090015681,JFJVQWNURENZ,India,,
91,2931558847,owcnk,glc@gmail.com,GSEZ,515340491905,PDBKQUJHSOOM,India,,
91,2933639826,wlrkr,weh@gmail.com,VYZT,518918323131,RPSQDEMDRJZN,India,,
91,2941437788,vmcgw,vrf@gmail.com,LHHT,725873329301,BEYPHGAWZANJ,India,,
91,2948085710,yffuu,kha@gmail.com,CLSB,547095409466,LNFCFWJFYYGS,India,,
91,2969588969,qwszf,ogu@gmail.com,NSCK,999776699581,TEZBRWXSXQIS,India,,
91,2987684593,kodal,bmg@gmail.com,DQEI,087281014305,YBGXMCHWYAPD,India,,
91,2991372671,fmzqo,wpg@gmail.com,HFYB,489687113920,NUHDYKEPQUXD,India,,
91,2998576432,fyyxb,bbk@gmail.com,UOEF,456102313602,MWGHLZWMPPYY,India,,
91,2999397560,povgo,cfp@gmail.com,HALV,580450202228,JYBAUSHFKPWA,India,,
91,3005157765,tvfuu,ywn@gmail.com,SWDZ,232215839312,JQFZCLRHZNBF,India,,
91,3034197676,mtnor,gsb@gmail.com,RDHE,031878573020,DGHIAIDJJYGJ,India,,
91,3060447834,jzdyd,kiy@gmail.com,NUDT,417761353198,EGKSWYEGYVQS,India,,
91,3060764220,fugok,vpk@gmail.com,RKYV,385832969481,BRQNMNATNOHO,India,,
91,3063166592,nizlg,kqt@gmail.com,HKBP,478441141048,DUREEPAFNQOW,India,,
91,3071488549,gytvy,xrm@gmail.com,DRNE,706050523508,HWXAWBGDGBIN,India,,
91,3073583679,zhpzp,kgo@gmail.com,FVJH,430703606287,CLJGUZCJOOZX,India,,
91,3082763816,ovxzt,cuj@gmail.com,UJIM,306930849465,LHDEZJWGMDSS,India,,
91,3094408658,vtntv,ewb@gmail.com,IGCJ,006608535044,JUPVUQPNVYVK,India,,
91,3146780311,mfnll,fyv@gmail.com,TXUS,855735548220,FMRCVYRKHZFB,India,,
91,3154103577,ndpeq,wqq@gmail.com,CFGS,250422539279,FXYTAVEBCBPF,India,,
91,3165616527,wnylg,xzb@gmail.com,XQNX,226818278761,RHAKNYUQFBIU,India,,
91,3177907368,kbaev,mgb@gmail.com,VQPE,939102509982,HVOYYQSMBNNA,India,,
91,3188339746,ggstf,fdd@gmail.com,BJSC,678711422888,NHRXOZEIBDBJ,India,,
91,3190510858,jgkqe,kgm@gmail.com,FZSI,341618700064,DZQGCQEUDTQL,India,,
91,3200448564,wppxi,tml@gmail.com,LAHU,392918569144,SKYKBDRWKMFU,India,,
91,3219958829,cbhwq,qrp@gmail.com,QDUB,899631159699,RQYRMQUUAWCI,India,,
91,3239065279,zppmd,hvh@gmail.com,QVEK,609441145608,ONCADSUAGJCU,India,,
91,3246043236,vxggo,vay@gmail.com,QPUU,751028529139,IHSVYBMFCHML,India,,
91,3253285342,rgfyh,rzc@gmail.com,MCRD,596570685563,TVNLEYUSUOQJ,India,,
91,3256293519,lrcoh,tbf@gmail.com,IQYM,388828641025,HZFVZFBIEMKM,India,,
91,3260081425,soagz,aio@gmail.com,VIJW,320101473768,RCJLVJDSSUBK,India,,
91,3267733212,xgatp,gvv@gmail.com,LUKM,600722882549,LZDOPKYCMAHR,India,,
91,3273775407,fgnpx,eda@gmail.com,AMWG,411032156565,HDYDOKVKGHDA,India,,
91,3288957535,wdufx,clj@gmail.com,ZDGI,896014508402,XZAZGGQPMIOU,India,,
91,3290627030,lqtrf,pzm@gmail.com,DKWE,745212375851,HCXZXVLARBHG,India,,
91,3295712069,exloi,ztt@gmail.com,GDIJ,183462844023,ATCVKYJYZNID,India,,
91,3299161532,efpsp,tbt@gmail.com,CVYO,972545308019,FHPBCRCLELOT,India,,
91,3307868431,xpezd,brh@gmail.com,HMZG,097888066440,HULCGTXPZOCO,India,,
91,3314819444,dtusj,rrs@gmail.com,TXZQ,054676882181,NQWITITMMLRC,India,,
91,3319765113,rgbgc,ypq@gmail.com,SEGK,560850031240,SSBGSHDEUJZL,India,,
91,3320568760,tweam,dds@gmail.com,FFWR,412856753922,ZTYFEIHILBUY,India,,
91,3323430775,sufiu,unm@gmail.com,UXSU,741560685942,WSJZVPUUVOOH,India,,
91,3325065562,ixvrs,iyw@gmail.com,JKXY,131310884612,WKRZESANORWO,India,,
91,3328984957,cjdze,qnl@gmail.com,ZYNW,726541176755,WNKACMWADWXY,India,,
91,3338613663,vnuwi,ovv@gmail.com,MLGO,033106886353,UUQXTCVIBIFP,India,,
91,3348714555,hkzwg,qtb@gmail.com,QBRT,791845491611,XJOUNRTCIDDS,India,,
91,3359114302,bghwp,ysk@gmail.com,HUPE,584355931698,DOYKYLEDTMPW,India,,
91,3360770260,uatgp,btr@gmail.com,WOWX,454469554757,PQOQEECCVXBL,India,,
91,3363028549,tqdik,pxz@gmail.com,EEJC,555426275190,NKWPMCEVWKFC,India,,
91,3364807906,ornyk,fgm@gmail.com,CTFO,308790680837,MHTTPZZLNNEC,India,,
91,3367765457,vhdso,adg@gmail.com,VOAQ,843048688596,QWHPGQZFMGPN,India,,
91,3375429406,akvim,vre@gmail.com,QHEW,922874043299,FIWKQNRGTTMB,India,,
91,3391555603,gcqza,wfb@gmail.com,YLSP,027746403823,JYLCSFRAEFYN,India,,
91,3395047076,uxubg,cbb@gmail.com,XSKL,617085036823,OOVRKUPRZGAX,India,,
91,3423450241,xglji,cjt@gmail.com,LCPB,897020333177,XIEXVWVLBELE,India,,
91,3425575058,afrer,wvy@gmail.com,NMTV,608510939926,XMHIUBBBLPYZ,India,,
91,3425837518,kgwoh,nwy@gmail.com,DFNL,992926115539,TOQIBWBRQXLX,India,,
91,3438470159,oaxhl,lpm@gmail.com,XEEY,376054472368,UPABJFZVNQNU,India,,
91,3439179811,trwlu,xev@gmail.com,EMPE,871452994724,XRMSMJDRXGJU,India,,
91,3457991730,ukpjj,pzy@gmail.com,EUBY,850837426495,SFLWTFYEMWLB,India,,
91,3478480471,uqfdp,edw@gmail.com,NVRO,262170775175,NEPSPGRCGMYD,India,,
91,3479313032,kmnvx,hxv@gmail.com,NWSR,123090932015,QYCQIRVJXUTU,India,,
91,3480859619,cvdet,nmq@gmail.com,PSKM,651189972169,DUWZBXCLBETM,India,,
91,3481503895,kxrhz,nhb@gmail.com,OPKI,536276541017,ELYGYRCKWRAC,India,,
91,3487594980,almro,cym@gmail.com,BPUS,399078183946,DQJAZETXFXXQ,India,,
91,3495995077,mcutq,ryb@gmail.com,TATB,825972887876,SAWTPKSWXARZ,India,,
91,3498089401,sppyu,kqx@gmail.com,PVZZ,792582288427,LKXXGUAGAZAQ,India,,
91,3502337612,bfuxf,njq@gmail.com,LJCN,069747681811,VCPBOHUTJLLF,India,,
91,3520818005,cifgl,zfp@gmail.com,ZEVI,990137448467,FWNKYWOOFWCX,India,,
91,3529861563,uolaa,zrm@gmail.com,TWRS,285558361275,YLQZSOSVFNJV,India,,
91,3530465661,mkkly,vud@gmail.com,AMCL,065480406596,XBYSEHKAAIJG,India,,
91,3535103904,bbnvo,caq@gmail.com,TYDK,326664915391,KZHGZGKLUCEO,India,,
91,3535116454,dtydd,iek@gmail.com,RVSR,601304353357,WVVFMQYJTAJF,India,,
91,3546263434,fmrnp,hkc@gmail.com,YUDO,358481915317,AVLMZPUUPXDC,India,,
91,3562004818,yhtzy,ltz@gmail.com,QQZW,683207324201,QIREPDLOLWYV,India,,
91,3591839809,udrab,stx@gmail.com,NLKR,115621527757,UAEGRXKVOVIE,India,,
91,3604829969,mdzfy,hqe@gmail.com,RPHC,777145042684,IWZPWUCGKTXW,India,,
91,3604835150,wwsxy,bto@gmail.com,AIFF,780493364626,RUDENQIEWLSQ,India,,
91,3606407528,wzmtr,vzk@gmail.com,CEHO,183134701652,QHWFRZDEDFPE,India,,
91,3614105722,hkzli,qwz@gmail.com,FTLC,091492991964,HFCZTGPTUOWV,India,,
91,3616191979,kdqcu,tht@gmail.com,DTHO,796723505565,IGHBNVNMPZDX,India,,
91,3624045357,qpwby,res@gmail.com,FVCG,650724475134,IVWEBZTYJVNS,India,,
91,3629752877,umtou,qxp@gmail.com,CRQD,181879164027,OLJVEICJQMCW,India,,
91,3634489562,peszt,jrs@gmail.com,NLZR,095837523946,FVUDWEXXQHLI,India,,
91,3646800912,pwieq,tbl@gmail.com,PFSC,293788646775,ONTYVPIVBMHP,India,,
91,3655909141,qtlif,vdw@gmail.com,KANZ,082497622319,QPCZCRYVFEFJ,India,,
91,3666644241,fpmhu,wev@gmail.com,NWMP,514795144342,OUXUBQLDZQLT,India,,
91,3674883873,zkdiv,lqo@gmail.com,KIUS,079733164652,TPICDYSRGUND,India,,
91,3680175805,xzxkx,nue@gmail.com,WUHC,034107573025,IKFZNRMLZJJI,India,,
91,3698008005,awnzx,fek@gmail.com,OQEH,601531182588,KWCHBIBFZUFN,India,,
91,3715137837,nqxam,jcs@gmail.com,KWKD,559044235663,DGATLVOSDUYM,India,,
91,3715518618,igtwb,jdj@gmail.com,RLUP,707552817152,ZVSDPHFXEJMQ,India,,
91,3717643859,ljpnk,zqi@gmail.com,BQPJ,793146860117,FKGOMUVPDPPQ,India,,
91,3717983785,soolg,vvd@gmail.com,LBHR,953167012100,MNTPZCEDEAWC,India,,
91,3726353503,lzgbi,iqx@gmail.com,MENN,243104521254,BQLRTJPJFMTU,India,,
91,3749386848,gkeuo,hqy@gmail.com,RJAH,849113207431,JLZNGSJAKPPT,India,,
91,3769187462,amsxp,pql@gmail.com,TXNS,279908193681,ODLHGLHOQRZM,India,,
91,3776487217,opuzi,mto@gmail.com,BAZR,175374856372,BRIYJMWENQUB,India,,
91,3784120585,hztpa,boj@gmail.com,WWRE,206538021847,GBBHTOGTJEIK,India,,
91,3784389749,fwnir,vzu@gmail.com,AQXN,520155812754,COAULBBBUJKC,India,,
91,3788949785,tcvhq,ges@gmail.com,ZNPO,989709613404,VBSMXNKLQUKB,India,,
91,3793331862,ozwlm,sho@gmail.com,AMTY,964916279063,ZIXURQKEXVJJ,India,,
91,3798632773,iksgd,smg@gmail.com,SUMU,545950847984,JXNOFOLZRBBA,India,,
91,3801691831,yheco,clk@gmail.com,SVDL,970421893060,CLRGSXTFXJUA,India,,
91,3810677241,qdokn,cty@gmail.com,EKBS,356091668892,HEZCBAHAJKYC,India,,
91,3814775806,cosvy,ybj@gmail.com,SOPD,203588381716,WZASHKLEQFAE,India,,
91,3818460874,wztyc,lwy@gmail.com,COOS,972211410401,KYOQDRRERGAM,India,,
91,3824843587,ipahk,pcs@gmail.com,KBOE,291349459866,ZLOZGEZQZLMN,India,,
91,3842198530,rqnsl,vhe@gmail.com,LPUK,123156087497,BDDVBSQJESBN,India,,
91,3843815978,bcnas,ygk@gmail.com,LGBO,968746945734,ZFVPKRJGEHIE,India,,
91,3856886426,uboeg,mwu@gmail.com,VWEZ,748356080427,JTZPOCSDVTOC,India,,
91,3857216074,pwqks,yxy@gmail.com,ZQZI,251502233580,LOZPMLMWMJCH,India,,
91,3863751306,bscao,bfy@gmail.com,ZSUY,478520356053,YYPPXAVOEPRU,India,,
91,3871020754,efsvj,rak@gmail.com,OZMF,774770523832,GXADJZSDMKKZ,India,,
91,3874688785,frxhw,iwg@gmail.com,TWMW,866079195477,WPZTWVRXZDLT,India,,
91,3874789461,jmtrx,hcf@gmail.com,TTXH,615351132987,HTRUNLPAKYUN,India,,
91,3889301949,dumxc,asy@gmail.com,ZDFJ,414089476142,MCPYUIFLRXVI,India,,
91,3892027916,xhnxf,bty@gmail.com,VOPB,435000123449,MMNGFDQQHRRS,India,,
91,3962819942,dmysx,joh@gmail.com,RGJF,440877811562,VQPSNUVXBFJY,India,,
91,3969162838,gbakx,hpd@gmail.com,XUIS,173420042374,OTYITZYTXAHT,India,,
91,3970226692,syzfm,gsl@gmail.com,FAIT,250319053752,ILMGZEEDFIXF,India,,
91,3972013081,kzgly,frm@gmail.com,ZOXE,254783842719,UVGRWYTCHJVO,India,,
91,3972190287,vpitg,wci@gmail.com,OMLN,742347709395,XXKHKUUARPRS,India,,
91,3987449493,obxbe,jnz@gmail.com,UBOT,206012502921,QXFUTNQNKZRD,India,,
91,3996926142,oegvm,ltl@gmail.com,OAPD,738390145092,WNEMZTZZFSPH,India,,
91,4026549718,ehqez,cfx@gmail.com,FTLB,523682083943,NTLHZELYXSBM,India,,
91,4055748026,ibvyg,uvj@gmail.com,SCCU,027956871167,HHYMONDFPVGW,India,,
91,4079216708,ohvnm,qgh@gmail.com,QSRE,892258138973,POCGLSBOCJBX,India,,
91,4079805537,gpekw,kyo@gmail.com,JMBI,030356030309,VOYJNUHGNLTW,India,,
91,4096700213,qhqsy,cyy@gmail.com,EGVK,808652814953,LKLYNWDCGNDG,India,,
91,4105697967,ukqqq,lqo@gmail.com,HDQA,912087007598,MYJWBZBWOTDK,India,,
91,4118029040,xzcsx,mvo@gmail.com,PZFH,233883301952,MSSKVLQCLAJW,India,,
91,4121072517,kzxat,tcr@gmail.com,BZDU,272935799945,FBFXGLMQTOFD,India,,
91,4122069136,zdytt,gyx@gmail.com,VZWR,907667179150,MTBRMKKEAYYR,India,,
91,4136125945,orfhy,lwj@gmail.com,QQOU,971199651282,PQHCFVYQGOEC,India,,
91,4160304292,eepac,jqo@gmail.com,NBKW,579104357921,YWRUDDRPBZNO,India,,
91,4182528584,pqobi,jnm@gmail.com,TGTH,075020222452,CMECXESVGZNV,India,,
91,4193054732,lpeyl,wan@gmail.com,GZTV,690379203007,GHFEPYPPGGGT,India,,
91,4225164617,lshyh,htt@gmail.com,DNTK,003082472695,AICTGRFVUIXZ,India,,
91,4260326326,rjnkc,cpa@gmail.com,JKOU,005722360854,USKPXKUFJSZP,India,,
91,4263377177,idxxp,abs@gmail.com,TXKG,599456129198,QMMUBYVCOMEZ,India,,
91,4291845896,uukbs,hod@gmail.com,LLDO,971727915937,GKCGNBVHPFTZ,India,,
91,4298700709,aprfe,fao@gmail.com,BYZT,213326118785,VTIGWMPUHDGC,India,,
91,4316199095,qpdfj,zwz@gmail.com,FFHZ,777924002090,ZXJDHEFMUTKD,India,,
91,4340047856,owdbw,xho@gmail.com,BFOM,346174090330,VXOCZPXGBBKV,India,,
91,4362488239,ckfow,sas@gmail.com,BZZU,720382958186,YNKCFNUXJTVV,India,,
91,4366041392,homxr,czk@gmail.com,CCFQ,205222251639,HGMDNRNYXIZQ,India,,
91,4382018703,updhr,vjb@gmail.com,HKEK,255113749789,OGYURLLVTJGA,India,,
91,4389153548,wtlxk,yeq@gmail.com,SQKV,236116981014,SYLJVNYEOSPR,India,,
91,4395871550,vjdpg,ifl@gmail.com,WPLZ,100936361755,MUNRBHWURMXE,India,,
91,4404450286,eenko,ohr@gmail.com,STBH,050976857809,ARVIWQKADZSS,India,,
91,4412188040,mxrhz,baq@gmail.com,ADMK,350704337289,LVQEGTPEIHNX,India,,
91,4423209707,kpukt,eer@gmail.com,TWAA,748714603251,XGGZPMZFHQEB,India,,
91,4430660077,qkvxz,qtg@gmail.com,OQAU,930182746755,GWLLROWGMXTU,India,,
91,4445875810,pbtup,enq@gmail.com,JCDD,394569184840,JFFAAPFLEWET,India,,
91,4449804991,wpjsd,zfw@gmail.com,MTLW,673651482613,QQAABEMNDZWV,India,,
91,4450145138,vzxbt,lci@gmail.com,IJWS,564413530747,NOVRXEVSPWZC,India,,
91,4450592758,vlwyw,bpc@gmail.com,QEDB,194111405189,DOYZMNBAQPHK,India,,
91,4452613991,rjtmp,key@gmail.com,RWWB,008859724608,EYCQZUCLEYFF,India,,
91,4466299562,vbnwp,opv@gmail.com,IHEU,779259884307,YIYWNPYWVNCH,India,,
91,4477608242,vhfqr,tyf@gmail.com,RAZW,864301494802,TVLALSMKVJQV,India,,
91,4479899124,nercj,djc@gmail.com,JTUE,898165981876,YHPUCMZVEQSV,India,,
91,4487029548,wxzak,jvr@gmail.com,FEAH,935092763901,CKLBKHCTUNPA,India,,
91,4487284650,hhfpe,nif@gmail.com,FAIS,462562322034,NLZKTUQGAJFM,India,,
91,4488334128,jkwde,kiu@gmail.com,SNYB,937021070374,VWLAHGETZJDA,India,,
91,4490562324,yemur,zci@gmail.com,QKXE,183074313328,FMWBTMDARBFV,India,,
91,4493511068,kqmuk,ael@gmail.com,JZDK,001774464790,OENCBYSMHZIL,India,,
91,4508937414,ngznw,xib@gmail.com,FACA,883879513486,PAOYCFIDHIKP,India,,
91,4509795962,xpxwb,ppr@gmail.com,IAAT,447951353226,IXDEGGRYWZAG,India,,
91,4516215488,zxmfm,aqm@gmail.com,NXUF,186632856281,IEFSWVCTQRQP,India,,
91,4517678256,sqers,blh@gmail.com,TCLC,629685676450,DUWTSVHXKYDM,India,,
91,4521708212,yvutd,ybw@gmail.com,GKQC,544060095454,FSGSOWFKOVJY,India,,
91,4533981713,txixh,dek@gmail.com,YMBG,836484754247,YVZJRUNHJEXQ,India,,
91,4536364702,mydfb,rzo@gmail.com,YDGV,412273286451,UZYSOXZSACKS,India,,
91,4539704573,cawgo,mid@gmail.com,EDBS,920900394612,QVXNMBJZLEPQ,India,,
91,4557965728,ntort,opb@gmail.com,HHAA,579310955930,MKZFOOYEBQIF,India,,
91,4568597547,hpvuc,kmj@gmail.com,NZUE,652392583834,YRCXGVJTOEJJ,India,,
91,4621993140,jtsza,eqt@gmail.com,VHHS,886589672282,EWOVZNIQSDBB,India,,
91,4643503026,lzmwl,kvx@gmail.com,EZCF,185658733888,IOCUJDHRJBMU,India,,
91,4651817808,vevwf,mxj@gmail.com,IORR,338555379020,UEINHCDLBXNL,India,,
91,4662857221,mvjti,gcq@gmail.com,VWSV,673615053527,LQDEWSCZHLLY,India,,
91,4671347095,cnbya,bon@gmail.com,AHEB,371295683570,QMFWQKTFVSFU,India,,
91,4680994040,hgjzg,abo@gmail.com,HYPW,569984859164,NEKXHRLHRCHT,India,,
91,4689183063,ccmaq,wry@gmail.com,CQPW,666208201548,IHTMHJVUQDCF,India,,
91,4690703582,bpqfa,nit@gmail.com,OTPX,170042169369,ZWRIUULTVIWE,India,,
91,4696043181,vmyeu,jer@gmail.com,CBVA,504169876130,LREQJUNGRVDE,India,,
91,4700629552,tfhlz,qjy@gmail.com,WSBP,567392806933,UJZGDSEFOXLD,India,,
91,4708706040,skpsh,laa@gmail.com,KDMG,224419076204,NFXKWVEXHXSW,India,,
91,4716178464,imoqx,rpc@gmail.com,AJNK,950907440238,AUJDBYOGSRKH,India,,
91,4725110757,dcxay,oby@gmail.com,QVJT,276037770045,YAUJFCIQFFEF,India,,
91,4729758282,eiubk,nmi@gmail.com,ZSJD,606689315644,KJKFIFONVLIC,India,,
91,4731461467,hxlng,sgd@gmail.com,CLVA,332510375671,SDOEHHOGWQPP,India,,
91,4744553291,xmwra,gim@gmail.com,JBVK,440691534452,CEWELMCZXLTP,India,,
91,4755209159,ezpvb,inn@gmail.com,NLWI,052029208979,VXVNYAQOBMPH,India,,
91,4758237340,tuntn,rhp@gmail.com,MVTP,448697435653,LJGBHYFBEXLQ,India,,
91,4762424975,zfqaa,jhs@gmail.com,WPNE,277701789951,EHHCOZCRWRWZ,India,,
91,4769510171,jzqvy,mrq@gmail.com,DCSZ,669327299107,BEPCZQWRPLKJ,India,,
91,4778064766,xgdjx,ile@gmail.com,XHCK,194800063333,ZBWBNHOQIXBR,India,,
91,4783562981,pztwq,eii@gmail.com,ODKS,335945568485,SJXXPLKMCPSF,India,,
91,4787019502,thlqg,kzj@gmail.com,IGGW,261623635692,QMORWPWRFCTN,India,,
91,4793777521,weitf,fua@gmail.com,AJZW,495564522680,LXEQPNGGMUGD,India,,
91,4795623916,mnxks,plp@gmail.com,LPJR,637113475799,XLGCCDTRFXZA,India,,
91,4799037197,lfrnc,wbc@gmail.com,CIMC,919756786777,HKKYGCFJWESH,India,,
91,4803250479,jjjdd,pbx@gmail.com,HVFS,271148318680,APAVKAALJQAP,India,,
91,4816761330,etpmj,yyi@gmail.com,FJNB,617377376561,UHOUSROOAKMA,India,,
91,4842061235,hpuwh,eis@gmail.com,EQPB,392807954070,KUSIHYGFTFEH,India,,
91,4846253418,ilinf,rhs@gmail.com,BOPD,493243277456,CTVDUZNTLNNQ,India,,
91,4849412261,rfaji,fma@gmail.com,QVHO,176263015101,IEFTNVQSJGQM,India,,
91,4861531586,jgrhh,dfk@gmail.com,AMPQ,571472120704,AZTAVAFYNEGI,India,,
91,4865342630,soqhc,jgn@gmail.com,UMFG,860419895382,KRULPBMGPCQT,India,,
91,4879950502,diesc,vpm@gmail.com,AHYF,065673194707,TBXYSUWOGGIZ,India,,
91,4888959056,xlzco,gmw@gmail.com,ACSB,854466638146,BBUIBYICFYCE,India,,
91,4900396577,idrtg,azv@gmail.com,TXZH,309874884983,HXWSQZLTFTHJ,India,,
91,4903058044,asosv,ops@gmail.com,GVDU,621927724636,JUZBODAMYRHH,India,,
91,4919556831,fzflg,bjs@gmail.com,MTEE,273824001969,ULGNPEQUBCJY,India,,
91,4931266989,fieqx,cad@gmail.com,EAPO,759080435803,ALJFWZVOARVL,India,,
91,4947216788,yllvf,tpy@gmail.com,HHHX,716953845293,LEBHYJXJVPAZ,India,,
91,4949613537,frzff,yup@gmail.com,MIAL,419446332985,NZXDZAWVBDDO,India,,
91,4958207616,kwpcj,xqk@gmail.com,SDBD,573976223688,LURYZQHOBMGB,India,,
91,4965521551,gnria,xjp@gmail.com,DCZG,004050059810,JOHJDFFLMGVJ,India,,
91,4965934500,cmust,iuq@gmail.com,DBRY,334086785687,AVPLCBAUKJBX,India,,
91,4981395714,xspea,hmj@gmail.com,NYWT,955061994773,MDJTASLZNUGL,India,,
91,4992114541,dafqc,akd@gmail.com,CRRN,043100260418,KXYCAAOLYZVY,India,,
91,4994299798,gttus,ndo@gmail.com,FYFI,479617181524,GHNFARFYLIAM,India,,
91,5037288734,czyig,ncd@gmail.com,EPLK,202070593199,CBVXCGQBOWRG,India,,
91,5037329518,dguiq,ajc@gmail.com,EBHX,608488742574,OTWDXCBOPWLR,India,,
91,5046610460,rfxeh,cqg@gmail.com,OBPB,565179083033,VGTDEPDJJSEM,India,,
91,5062363245,xokih,tbv@gmail.com,BJAK,673315717636,ZAMEOBVYCTZZ,India,,
91,5076823828,egvdy,uzq@gmail.com,LRQR,783986017033,RTQHETKCZEHJ,India,,
91,5081238307,stltc,gig@gmail.com,OYNU,986373855113,VEBYDCMASWAG,India,,
91,5081300930,hmzep,isv@gmail.com,UHSO,377933879639,MPFDMNSWCYIV,India,,
91,5098882056,hasfx,crt@gmail.com,ZNER,761258584536,XLODLTWXQBOB,India,,
91,5104490397,anzjd,xgj@gmail.com,UYNI,654919878325,AXGGZIFMPOMH,India,,
91,5122824682,bsgcv,rnj@gmail.com,VYME,225203691140,UVNEDAQPNMSI,India,,
91,5123284739,dfsnr,fqw@gmail.com,FOHP,467318950640,BODXPSINXCUO,India,,
91,5131807906,vzctc,wjz@gmail.com,SWAU,491998881949,JEUKWXZVFQBC,India,,
91,5140069503,mfzge,jpa@gmail.com,AURQ,508940580117,YWNIUTHKDNOE,India,,
91,5160771908,ziuqf,dkb@gmail.com,ZZUV,036597042809,NLUSFDUBDYXH,India,,
91,5191260632,olito,pxx@gmail.com,CJWR,227561123984,EZWHBRJMAQZA,India,,
91,5197928222,swvdk,jfu@gmail.com,QUKX,756395230271,MBEVOOZHDRRV,India,,
91,5206647082,fmmjo,pdj@gmail.com,JDFK,547411000941,CINOMLCARTKJ,India,,
91,5211303436,lqbjw,gmp@gmail.com,VXGP,540684526017,TONJOJVGWLIS,India,,
91,5227656817,isrwv,pfk@gmail.com,BMGK,217168953748,CDLNZPDQBXNT,India,,
91,5240590706,afcya,dpg@gmail.com,GBOX,157225171002,KCRKNTHDNTKV,India,,
91,5249274392,nefcy,jqe@gmail.com,GAJO,958282316111,DMWNTRFRXTUL,India,,
91,5250955978,nlurg,wip@gmail.com,UBZJ,597454788021,FVZPOSRVEVYX,India,,
91,5251064717,vwwtc,wza@gmail.com,JHWE,358532388524,GMUYYFKTFNIK,India,,
91,5276729593,ffyrt,fdy@gmail.com,KAPO,491443309968,TNMVHRSJOQVN,India,,
91,5284592930,nfxxc,puv@gmail.com,IVYN,273380775147,CBYYOJLMMNDF,India,,
91,5286022390,cyepx,yty@gmail.com,WRLJ,707315573675,GENVVQZDARLZ,India,,
91,5295306098,mfrfn,pam@gmail.com,HTWF,285996287164,ZXZBIVCTIGOW,India,,
91,5300113198,oozdc,elh@gmail.com,QXIR,534566249770,YYHFNYYEKNNM,India,,
91,5312147884,ptire,zas@gmail.com,TMJJ,281544880139,MRDDJKIUCVHN,India,,
91,5334852751,cjwwc,ndn@gmail.com,UEXP,968393280583,MAARKBKRRCNT,India,,
91,5350845301,uxetl,axy@gmail.com,EPZV,966438267420,DSSQARAHWZNK,India,,
91,5354473261,jkrkh,ssh@gmail.com,MWEW,756001990953,WMAYLDYUOEUN,India,,
91,5382842269,lltat,bnr@gmail.com,OHJZ,293246416175,JHFPSQQUXDUQ,India,,
91,5384916902,mnlys,kov@gmail.com,WNXT,340900797360,ZTWIKWMAESDV,India,,
91,5420554753,sipbm,dja@gmail.com,KYMT,791277946298,MFKJHJMONGQR,India,,
91,5424685402,nplrc,bzu@gmail.com,HYQT,891415485886,AULXMDNXZSNU,India,,
91,5424981751,xliox,esy@gmail.com,JSFS,635769126399,GXYFALCWVECX,India,,
91,5432999970,hwwgq,hqf@gmail.com,UXGT,672972759950,CTZFYBSQFOAP,India,,
91,5435171538,wbigw,mfa@gmail.com,XBYN,723262414890,KERARHJGQVEL,India,,
91,5440572131,wyyux,tjg@gmail.com,RYZC,709720676532,OJGOCTUCBMVL,India,,
91,5445757561,faibq,fry@gmail.com,RZOI,852643856174,PNVSEHPITOCM,India,,
91,5466727452,wfgxz,dzb@gmail.com,OWNI,326643504700,JUCNDDJSAPYA,India,,
91,5473526640,pichi,xpj@gmail.com,QNWX,529407949467,WKJGLZSXZSBH,India,,
91,5485120210,oelyt,nfn@gmail.com,XPXL,295415124422,NVPURPBRBPQD,India,,
91,5493940948,irann,klb@gmail.com,DEAX,160173467983,KEAJSDQMPWFN,India,,
91,5505134273,lirzl,kji@gmail.com,CKGX,340932034748,FFDJQQFOYQSH,India,,
91,5506217366,vhrsc,ods@gmail.com,WCLA,408571079122,ERNQYEEVXNQA,India,,
91,5516541438,ycyao,bzl@gmail.com,XVWW,392257458267,GPNVTXEVMTPN,India,,
91,5521792665,izefr,kwt@gmail.com,CZRE,561509585789,GYEJHYHUJYAU,India,,
91,5527931869,admkq,ahr@gmail.com,PNOP,273518622301,TUTSJJOIVYWA,India,,
91,5534259720,houyl,jlr@gmail.com,DGQI,502263475396,AXAZJDBFSENV,India,,
91,5543725046,gssri,jhu@gmail.com,UGIC,736375245095,VFLVDEPXDQLL,India,,
91,5547518458,myhyt,plr@gmail.com,ASXY,724130830555,GOSURJJHXFTZ,India,,
91,5557713770,lbedt,cwk@gmail.com,LQQR,789954085298,SDFMFCJILOKV,India,,
91,5561500305,vbnwc,jbm@gmail.com,QLRU,520992202705,RFFZUXEHIIGV,India,,
91,5568559089,uvbqe,xbs@gmail.com,UMYM,146743992295,VBTOKGGEUWRA,India,,
91,5572790899,xnyit,ctl@gmail.com,SLYN,525538503035,LWYLFTLIDWUD,India,,
91,5582608489,hgvlb,pty@gmail.com,QZSU,330606036483,RHLNOOJLFJHQ,India,,
91,5593419614,fkeju,nem@gmail.com,CLOB,866208083741,UKBINMWXROVF,India,,
91,5593713177,pewrv,sje@gmail.com,XRWY,269932427387,GQKGZLMSSXRF,India,,
91,5602356377,puvxf,syk@gmail.com,ALLQ,974960876111,ROGWRPRXFGDD,India,,
91,5602858753,cnpmb,irh@gmail.com,JEZC,633372676212,EKETIEYBUPQW,India,,
91,5617292333,yuxfp,nlr@gmail.com,SLGN,788787289991,FWDXJZOLFQIH,India,,
91,5634881504,ycnoq,kas@gmail.com,DMXW,906164708625,RLGBHAPITBTL,India,,
91,5635150138,xwayb,abw@gmail.com,FOAS,045969182670,BZEUBCGTWCQQ,India,,
91,5649569422,gzigj,dvg@gmail.com,TWJG,377541566900,AJJJOPHTURGB,India,,
91,5649699392,jxtdt,peh@gmail.com,EIJL,918935007635,YUEESZCDNWNT,India,,
91,5651396833,iejrn,yok@gmail.com,MJPZ,319014710514,QSAWDLABAUEK,India,,
91,5659496743,lkieh,bad@gmail.com,PPFN,499480867405,DHCCGKAKKADY,India,,
91,5663183352,zazpc,nhn@gmail.com,VMVA,510957056533,YWIJKZWYKFXU,India,,
91,5674203137,jsfzj,sxu@gmail.com,CLHG,631863849270,HZRLDFVOGGEU,India,,
91,5678700066,selmx,png@gmail.com,SZDN,546785944552,BIYXLDHWNUIP,India,,
91,5681345469,gzslp,rkw@gmail.com,AIWK,916512821788,MJHJURXFPSRK,India,,
91,5695575428,akcss,fzt@gmail.com,PIZU,611346130107,HLKPHDYDRTIJ,India,,
91,5721533709,mdckc,ayk@gmail.com,EIYU,032477291259,NVOYCVKHQUAQ,India,,
91,5723652947,aqxtp,zfh@gmail.com,WELA,990631270524,DMTMKGOBLRMF,India,,
91,5725978915,rrgxe,epc@gmail.com,MERN,486357366307,KGPQIMBVRUYF,India,,
91,5768561655,djorp,wyw@gmail.com,UZUG,069997639750,IEIOAKDPGUUW,India,,
91,5768799756,mkkqb,adj@gmail.com,YCAW,213790638879,RWWHSOYHMCDY,India,,
91,5772438170,eetgg,dst@gmail.com,ZRII,176636320812,VTUMWGQMXAVK,India,,
91,5780293433,qwtpd,ukc@gmail.com,ZEXU,023640562301,PIYYWSWFXGXB,India,,
91,5781008190,ymajy,bua@gmail.com,DLZQ,411438180216,LDBYYSYYKCMS,India,,
91,5784816826,kojjx,uvi@gmail.com,GYCH,453250964511,IXPPNFEFDFEQ,India,,
91,5791173901,idjmv,igw@gmail.com,RUWI,665665288098,ALTWVNABQUXS,India,,
91,5833974602,logkz,nrk@gmail.com,GPXU,128787604201,GOWNCCLCBXOH,India,,
91,5839683203,jbdzs,ifh@gmail.com,ZLQX,025818265380,ZXXBYIKZJFRO,India,,
91,5847374481,dwsgh,guj@gmail.com,QWKS,295447555915,MPEYJQIXVDBW,India,,
91,5862570916,afisg,qtp@gmail.com,JCQO,847275430910,JPYKQGXJJJKP,India,,
91,5875374010,qrbsw,vjn@gmail.com,AHEN,860383424087,KWJHQSMPUQBR,India,,
91,5901066473,pmbqq,npi@gmail.com,LBZH,972909387578,KFEVJVCCJIXN,India,,
91,5901978915,kdaab,hgr@gmail.com,RVTR,614830743923,YTLLTMTKBDBN,India,,
91,5908824189,hsonu,yps@gmail.com,AVMS,345788344690,LVAYZSTZAZOM,India,,
91,5925504773,hiapg,zqp@gmail.com,AJUR,419110804080,TCQDFBCLFDTB,India,,
91,5928871334,xhkyg,bqx@gmail.com,GWGQ,658689155245,LALXCLGRSDHB,India,,
91,5937802573,klbzi,dbo@gmail.com,WEWZ,414136081315,VHQJKDSFAMNE,India,,
91,5944133464,ocgwd,tca@gmail.com,NQPF,992461621778,URCPBSZZLFAE,India,,
91,5955058903,cefvu,sus@gmail.com,YSXW,540371695960,ZHMZFWZLAMEM,India,,
91,5955685380,bwavz,dtq@gmail.com,RUTG,031940537086,HMNZPTKKBFPL,India,,
91,5957794364,uranx,zev@gmail.com,FXXA,613315522375,CYIESUZUFJQP,India,,
91,5959262961,kckcz,sbg@gmail.com,ULBW,330916033371,IBKSCWHXMPRU,India,,
91,5960849985,uhful,xxx@gmail.com,KMJS,689947361672,QDVOJVIDBJBG,India,,
91,5967355520,aazmq,qry@gmail.com,JQFR,025787369751,DETHQKEPYVUT,India,,
91,5967662914,ssddb,ice@gmail.com,THQY,058350275187,RIZZNKPDHGPY,India,,
91,5979397150,uupsg,fks@gmail.com,QIKL,505435564922,HHEUYGJVWAQP,India,,
91,5987859739,chyuo,bhm@gmail.com,SARS,627020220244,MCUFTSGFMXYR,India,,
91,5988980242,gquss,lbn@gmail.com,LXVC,993645031838,IDZEGDATVTKL,India,,
91,5996359859,lbfex,ajo@gmail.com,AQAV,397230373778,JNPWDHBPVFCH,India,,
91,5998486194,psece,hxi@gmail.com,MHSZ,798931194754,SVETIDLJYUXB,India,,
91,6000418315,lijhy,vjk@gmail.com,QZMW,702603837165,QODGKJAKXZTG,India,,
91,6008194948,xeira,xna@gmail.com,VVCU,243425551430,PBBSATUFAOWG,India,,
91,6019216624,ujbny,umr@gmail.com,CLFF,871713932250,GYPTENDAJWBV,India,,
91,6032590607,hqlhg,adq@gmail.com,MKTZ,290032121619,CEGNSEOHTDEW,India,,
91,6041428277,lgnit,quw@gmail.com,LEKJ,297296652855,IOLVGPAWUURU,India,,
91,6060208332,bmtau,vew@gmail.com,XDJB,021552387948,JJRDNUCWOPJI,India,,
91,6080485232,elapp,omb@gmail.com,CNET,457198473088,RJHIWXMICOWP,India,,
91,6082968388,fhpqg,gog@gmail.com,SQGZ,248979248352,CIKXGTSCVYWC,India,,
91,6085652916,jlacm,srh@gmail.com,QCEU,403801351200,BXFNRHUJWOCU,India,,
91,6103528049,dggod,xxl@gmail.com,ZFFM,573734579766,MTGMQASNLYHN,India,,
91,6113811958,oflhq,zkf@gmail.com,GWVV,302264229624,UYMJRNNVLMHT,India,,
91,6116442996,rzvvw,jpc@gmail.com,OUNL,251104893678,FPNGHOOOWKQM,India,,
91,6130543436,ozzhh,hwn@gmail.com,LIYD,372257243631,CCATOGQDUJWC,India,,
91,6142954221,jdaxj,quz@gmail.com,KSEA,367558664255,SPGEPXQWMBLW,India,,
91,6144801096,cfvlg,jrb@gmail.com,MERD,026717896815,QEJULYOXGJJQ,India,,
91,6167739890,stbyx,ogi@gmail.com,FLZO,430231558506,YAXJSCPEWBVR,India,,
91,6171506837,qvzoa,axf@gmail.com,KJWL,279945808055,MVYBVCDVQWNM,India,,
91,6188822385,wcnix,hbc@gmail.com,PBVL,533849094052,LLCRMYJFEVKA,India,,
91,6194470137,csmwk,vnd@gmail.com,LBYO,140509111869,WXVAMSGLPKCY,India,,
91,6204825869,cztmx,eqs@gmail.com,TUIV,921631863578,TBIKCJKCXBXU,India,,
91,6231936521,wcnai,mly@gmail.com,MNSS,351270006095,UCPUYTHWTZDA,India,,
91,6242260014,jckna,otl@gmail.com,CNXM,008511274195,MAMMAMJNBLVV,India,,
91,6243524517,rczhr,qsj@gmail.com,GIIP,418949012056,OULNUXQOQUES,India,,
91,6245147726,vxdqb,upp@gmail.com,THXB,934088164282,GDZWSAPMVESS,India,,
91,6246116612,pnevu,ngz@gmail.com,UOQX,859006701013,JFDFDEGNKZTM,India,,
91,6248736165,fksjt,npr@gmail.com,YAZL,289568327537,TMBKXYWHECOB,India,,
91,6255260756,qclmk,zxk@gmail.com,KMBO,307268905454,LANBSTTHJZIW,India,,
91,6257544070,vwgzg,jtv@gmail.com,ZDYC,353590231298,ULRMHNKLQGMS,India,,
91,6258740059,zezkw,mks@gmail.com,CRJS,113055944497,DTRVERUOSCGI,India,,
91,6276869145,jkhqg,mba@gmail.com,PVES,547511466648,SCGGIBNFEQKA,India,,
91,6287309789,vkpni,ozn@gmail.com,FXCS,546710557236,AXPIBFYWAGCU,India,,
91,6295099609,xbivk,kco@gmail.com,WZVD,203987546563,ZQNLSFTXKKNT,India,,
91,6297839214,huyjd,idk@gmail.com,RZNU,014175806347,HFHTERUOVCZI,India,,
91,6317307519,wewyb,tvj@gmail.com,CPKI,563755685637,MZPTXPEJIVPJ,India,,
91,6318715198,fssrd,oja@gmail.com,SUTI,024392243665,BUOLEVQWUBBA,India,,
91,6341264186,fdhrg,wev@gmail.com,IYQA,808250700606,YJSPDSPVEVAC,India,,
91,6342247044,tlygf,lxg@gmail.com,WFET,811577719981,ILOWLTSYDFUF,India,,
91,6345020911,hcbyn,nen@gmail.com,WRAT,728739564353,OZOOCXFVXBCC,India,,
91,6346045057,ykdct,ruq@gmail.com,JVMF,152349913409,GUODORKTRCJX,India,,
91,6366720704,fxfel,iob@gmail.com,TGNQ,702959339183,YYUCZLLXBYHK,India,,
91,6367254560,invxj,ddn@gmail.com,VPPP,184641424590,DCFDTOXURNHQ,India,,
91,6371289956,zroxz,jma@gmail.com,ZCWR,440110563598,WURUSDGYFZAE,India,,
91,6371435171,jjqjs,xbf@gmail.com,VTHY,139863498290,GATIOLZAACRC,India,,
91,6392256097,gbaki,ogx@gmail.com,CLNJ,272322030667,ZXYHWCNAPFRF,India,,
91,6405127589,crvvt,ygx@gmail.com,IGZA,502887425138,IXUKRRRGCGOI,India,,
91,6420496787,nlhzq,hix@gmail.com,GBXT,383289926654,AGEZKTLLLUCQ,India,,
91,6429646346,csgpk,yuu@gmail.com,YIJN,168020128613,SBRWXZKWECDJ,India,,
91,6430351664,qdodf,ekn@gmail.com,QRBG,030817633910,EJMXAWOTYWBR,India,,
91,6440684383,qyjpv,msw@gmail.com,WUEQ,524754018158,XQZKMEISARJI,India,,
91,6443643206,ajemk,qej@gmail.com,TCNL,003388894363,XIJGNXGOHTWO,India,,
91,6444744522,xmlmc,krk@gmail.com,GAVS,024860139421,PEATSTESTRQQ,India,,
91,6481621016,htxpn,oyr@gmail.com,SEIW,646535380956,EDMHEFVJRDUE,India,,
91,6493926618,eqmjw,wtf@gmail.com,YUNK,910605742500,KINMAUNVYFKX,India,,
91,6509052768,jkpis,lsf@gmail.com,ACPC,881764308282,PHJQOPNIKFBY,India,,
91,6511054565,hwils,lzh@gmail.com,GYAS,591779076090,ZSNCJDTIXXYW,India,,
91,6514390557,ayrii,wss@gmail.com,YEME,721257555797,TMHEAPHYSKCY,India,,
91,6522381765,nqxdm,qkg@gmail.com,PSRA,265312792863,XLPDIYKMZISH,India,,
91,6529189580,dwcmh,llv@gmail.com,RKTB,037425737482,VKJUPHKLWJUT,India,,
91,6530665033,lnkxg,yoo@gmail.com,QRXC,237502212136,TNPAFOPRMFOF,India,,
91,6534951025,iigsi,olu@gmail.com,OEWG,711625679389,DHXBHPQZDOCT,India,,
91,6542212562,werzf,loy@gmail.com,OSMQ,772622290678,FPMBLDAULFXO,India,,
91,6542307704,jzzit,inu@gmail.com,YWFU,195106702839,CHCTFJTAKSDT,India,,
91,6545239965,qeroe,hzd@gmail.com,MUQT,344533601939,YVWGSZGPJCOO,India,,
91,6549268297,cjsng,jtv@gmail.com,WDAH,331406700140,WKMHEWMQZZCJ,India,,
91,6555801156,dvbue,qrc@gmail.com,MBAZ,511691979448,GGMOJUFLEHHF,India,,
91,6558500037,bsphv,dwn@gmail.com,BJRI,878454722384,GLMIJIMMTXVH,India,,
91,6560699487,wxgtk,cmf@gmail.com,BZGW,744015673615,YXNRLOSZGTVY,India,,
91,6581453299,rmqhi,owh@gmail.com,TZJP,121937255222,HCWTFFRLNEIN,India,,
91,6588314627,fksvf,boz@gmail.com,CQXV,572054302276,KVKHFDVEJAGZ,India,,
91,6590463788,qtxzh,cdi@gmail.com,YVJO,487813303205,UMQJWAPMSMGM,India,,
91,6596152993,gadnz,kyg@gmail.com,JMEP,742255434980,IUPOTOXLTWME,India,,
91,6603830888,dmtip,vie@gmail.com,VWNW,176928282641,OKQMWYCZXXHE,India,,
91,6608265301,jisfw,dkk@gmail.com,XWEB,098179778346,RXBUVMYMRKAQ,India,,
91,6612100541,ehyhp,ioo@gmail.com,OVGO,755891778567,GTIJGSLVOAHN,India,,
91,6633447586,fgevc,rhi@gmail.com,VXIF,190233147132,SXWCUSGTFOZZ,India,,
91,6653907662,fvmsd,tkg@gmail.com,CXIM,119504059796,YSVPMAXRMFOL,India,,
91,6657835350,bilqm,mwb@gmail.com,EWLW,399446208454,DXEJXZGTUPJT,India,,
91,6661634201,aaelk,lwx@gmail.com,FKCA,137907288863,WRSBTKMISUYE,India,,
91,6661757870,vxgeh,arc@gmail.com,MWZV,090616354116,UWMRYOKIVXLT,India,,
91,6663332348,viwqg,sny@gmail.com,LEEI,888214629358,RIQDSNFRLWTZ,India,,
91,6673929700,yfxxe,wpk@gmail.com,MITE,751982172302,TSPKVARHMFBA,India,,
91,6697726683,ckgds,utn@gmail.com,DBPH,045275466618,NJLDHVHWLFBI,India,,
91,6719894140,xsaja,ggt@gmail.com,KONE,429565840508,FIYIFZZJCIBI,India,,
91,6734270164,ftddq,olt@gmail.com,QIQH,344577642069,MFVRXRTOOENH,India,,
91,6735116167,ffkdf,hfw@gmail.com,HVRZ,968961503558,PTKEQEZTAILP,India,,
91,6752726358,gcfsw,trt@gmail.com,ZWUM,790851922370,ZNLZOFXFODGI,India,,
91,6768105469,jbsau,mpk@gmail.com,FJPJ,840083571123,ABVCNRGKRZAF,India,,
91,6772575012,cfgqd,fmd@gmail.com,YOGG,728513973321,BKRXEHTTGYSZ,India,,
91,6796356640,ujrok,oex@gmail.com,YKIS,341131584119,OLXIZOAGVTIE,India,,
91,6801202161,segel,ydg@gmail.com,ATEY,311640728769,TCCKNOCYPJID,India,,
91,6805899913,uiqrx,tad@gmail.com,LAFN,085180877795,FGXMFPNRUFPD,India,,
91,6811624294,bjacg,qpf@gmail.com,YVWP,715561817929,CIMCAUCBRYSR,India,,
91,6815572624,hvuue,yqw@gmail.com,UIUE,986542781516,TFBIQIBSTXXO,India,,
91,6821404797,nkefg,qrt@gmail.com,XQHY,744299757917,EDRKUIJXUUDO,India,,
91,6824885976,uvjng,woo@gmail.com,KPOW,018522339449,MDPHPDKZZFBE,India,,
91,6825991550,nclxv,xff@gmail.com,MQGY,651658529220,MKKVJUMOGBAY,India,,
91,6828584357,uidzt,iyz@gmail.com,BMYX,169486428181,RIMGPLEWECME,India,,
91,6830229460,mpdbm,dso@gmail.com,FTGS,866487903886,PHRWMBYXVYNH,India,,
91,6844109726,yuikb,ejs@gmail.com,ZOFU,650694437835,SWGBQAXEQZPK,India,,
91,6874048338,exsno,xni@gmail.com,MNEV,120146687928,RFPEMMUMDGUO,India,,
91,6879215300,isrsb,hpp@gmail.com,SWSW,549424989082,VGMUOAMQEPWY,India,,
91,6891604325,sizpn,jvl@gmail.com,UPEZ,201873456051,DIDXLIMQONOQ,India,,
91,6891980841,nzeah,gob@gmail.com,INXQ,659387411436,UDLROWYFOXSP,India,,
91,6912903111,otmna,jfz@gmail.com,NJPL,808127072439,TRQEGMHBZRWE,India,,
91,6914160209,pdohp,scy@gmail.com,LGCN,046990390851,PLLAIZDFLNFJ,India,,
91,6916377544,nzgdg,gxc@gmail.com,QYIC,219837886527,WIOYBLJEQTAC,India,,
91,6917849397,djnvh,kxl@gmail.com,MGPE,332151702463,NHXKKILUBPBM,India,,
91,6919855544,ldutm,jsu@gmail.com,LQNH,730162924280,OJVGWYPSGNUA,India,,
91,6920948111,gjjbz,qol@gmail.com,AYNC,147703011614,LRURHQWMGRQJ,India,,
91,6932895482,ixxyd,jfw@gmail.com,DCRX,670311219029,QXSRTRDQTYPX,India,,
91,6962280111,oidko,frv@gmail.com,JGQH,785246921565,CGRJJDZECTLR,India,,
91,6983465751,zmkdi,obr@gmail.com,JLKY,557050192543,AKJBFKQLWRLQ,India,,
91,6984830213,koerp,csc@gmail.com,XBOI,106118501586,TWTQGFVGHTZU,India,,
91,6993797580,tdspe,ygy@gmail.com,CEYN,162131359307,TDZGHAFWHSWD,India,,
91,7011544815,frdqi,dyk@gmail.com,TAEU,770267020740,MJJEQPMCMGJA,India,,
91,7013016224,hsdso,ynx@gmail.com,DKCN,081600959708,WQNJISWBJICW,India,,
91,7018412336,aywwu,akq@gmail.com,HZAY,997604845787,GEUZFJOBLGUG,India,,
91,7038619441,olfgl,wzt@gmail.com,XKNU,801101824753,IINBCIHXZLPH,India,,
91,7041426967,cangz,uil@gmail.com,BDJM,601645246826,GYSHVRRWEDYB,India,,
91,7043073518,bqjcq,uhc@gmail.com,SIQY,293169469402,FHBJDNLJSTTE,India,,
91,7062292326,bbyee,ofj@gmail.com,FJUZ,247911264153,OCUMDDSTZDAI,India,,
91,7076850032,abpzc,pxy@gmail.com,PDWY,632497948740,BHSIXLTQOAVI,India,,
91,7090925140,qwuki,nmi@gmail.com,IVHP,292354190142,GXZJWNLMWXUN,India,,
91,7103378880,fgmio,icm@gmail.com,UIHA,060039649085,HINFXUGJMPPA,India,,
91,7116689416,vmrdb,sug@gmail.com,ZNXO,295233202530,DKJXMECXVXJC,India,,
91,7120447816,whvlo,vrf@gmail.com,JOKT,373248449175,XNQYCGTFSAYG,India,,
91,7149963248,zimgu,lie@gmail.com,QMUO,991937598486,SMZPMKZDAWKS,India,,
91,7154421159,jiorn,yiy@gmail.com,RTSD,488242654687,FCSYDOWGMNCI,India,,
91,7170078675,lcopr,cjz@gmail.com,IPFP,525041507643,YKGDRKMYJLXZ,India,,
91,7172195402,sqyzu,ykf@gmail.com,ALSK,546806568949,BPMYGFDNLKTH,India,,
91,7177759355,pisei,kbm@gmail.com,FNVH,685768458923,QFXRHETESNDD,India,,
91,7182754040,vzsig,wdh@gmail.com,NSMI,678450235942,UAILLAVZQNEY,India,,
91,7188905714,dunaa,jqh@gmail.com,BXWU,958696784183,VPVPSUCNUNIG,India,,
91,7189195720,slgrl,epo@gmail.com,UIUS,689009718699,RVLJVRZSDOKR,India,,
91,7189753742,kxsjy,upr@gmail.com,YEDY,026465646257,YVRXCWSUMXPU,India,,
91,7209669074,xubwn,uos@gmail.com,JQAT,359328327498,ZTHMBQSVCYDX,India,,
91,7220885133,azvuq,zcs@gmail.com,XKFY,684323280485,JEVSJWOLIIEB,India,,
91,7254891129,rjfiw,wqw@gmail.com,HFSC,176268882282,BSYOWSQDCNIC,India,,
91,7258719849,taxko,yph@gmail.com,ZCWE,080330152121,ZISKDCTRKTRJ,India,,
91,7264650515,dpdci,ntm@gmail.com,KCNJ,694031871082,PPSXQYXWTHEL,India,,
91,7264793123,gtsot,fnk@gmail.com,BULZ,730203641559,IRAMPCUOJJVY,India,,
91,7268755487,vbmca,jua@gmail.com,MZCP,699927253336,NEDFOPSJKVQG,India,,
91,7274590443,zengi,zte@gmail.com,CSFV,916140951052,NMFLCSTGMTIH,India,,
91,7275638416,isryq,yjd@gmail.com,TQLI,031289776248,ZRXJPKXBUIZO,India,,
91,7284996140,qlhbd,hvm@gmail.com,TAGZ,613850808349,RDVAEFLVGGOB,India,,
91,7294016765,lwpbv,ayi@gmail.com,WTIQ,116898997888,EAXBLTTYUDVE,India,,
91,7294800339,spvit,qoi@gmail.com,NTGP,585103896112,PWETJUNOLGYV,India,,
91,7295641339,vdfgn,fwn@gmail.com,IHGV,850710481920,CQBRFOIYXIKX,India,,
91,7304687892,ovprz,qal@gmail.com,LFFX,058685195613,XUCEQKOSDYJB,India,,
91,7312707163,nfbmf,cyv@gmail.com,MLPO,811985920574,EANRIVERVOQB,India,,
91,7315715187,pfkti,fbm@gmail.com,JAMA,743918059125,QUZNYEUIKBFM,India,,
91,7328574429,howyl,txa@gmail.com,PMJM,227652585822,ZLYJAWQXDHON,India,,
91,7330145259,aprwu,qdn@gmail.com,BOWM,409661699778,VBLUXNCVFPYP,India,,
91,7335763925,jstfi,vxh@gmail.com,ZXXM,028512214457,DWVMGGTBUVWC,India,,
91,7346124920,krygi,ten@gmail.com,WLZG,009687384902,JLPBESQFKNXV,India,,
91,7362464724,hmohh,lwa@gmail.com,UULM,230096347729,IIYCFZCEQSCZ,India,,
91,7365283035,azelx,vrv@gmail.com,SXTU,722559978341,QNSOXRPFJTCE,India,,
91,7376283196,axjzg,fxb@gmail.com,NMJU,627305159594,CZHVTPSROAVR,India,,
91,7381265294,ejvih,gpe@gmail.com,EZBS,847443201037,RWBOMIWHPNMG,India,,
91,7385157032,rrhxk,udh@gmail.com,YZQB,118418628598,CAZORHPLJPUW,India,,
91,7387756657,shapl,dsh@gmail.com,XEWD,271212957782,ABMEVFUDULOE,India,,
91,7398829561,powqq,azh@gmail.com,KNAB,732853339198,HJFYWVCCTJLK,India,,
91,7410760031,jshgl,vyg@gmail.com,VHTX,921859307694,KTGQJQUVRRGD,India,,
91,7417442974,tnobw,wmg@gmail.com,UFYC,913785805217,KMGJIKPWEJFA,India,,
91,7421229080,rzszo,tib@gmail.com,FEBV,451795852534,KWYPUDVZBZUH,India,,
91,7426971672,wcobp,kfd@gmail.com,RKJK,389503176921,ZKLVMQKOTMVW,India,,
91,7435968233,qtbvr,hws@gmail.com,IDVG,978972160663,SZXUDXRPCKGU,India,,
91,7443485701,uvtxt,jzz@gmail.com,CRPX,031330434382,SHZVDBHDTEMB,India,,
91,7448586561,cjpzc,sss@gmail.com,SILQ,674531082177,ADSZCBPITHWO,India,,
91,7461586154,mjwbv,bgi@gmail.com,MGTR,325354629120,NVRXLXFATYUH,India,,
91,7473555655,bdcdr,mhr@gmail.com,ZMQI,900286026822,CZMRLLHUHRLR,India,,
91,7476066542,axueo,wnl@gmail.com,JLSQ,506643378148,ERCNGGOHTEMO,India,,
91,7490789757,gnstm,fry@gmail.com,YFJU,084671875642,IPJTHQNPFUEO,India,,
91,7518125173,iuher,hkb@gmail.com,JCVI,593062139966,NYYKAXTYJODK,India,,
91,7525618218,lnuqa,udj@gmail.com,ZPMZ,958935259122,QSXOAQWMMJJW,India,,
91,7549209042,rddhp,orj@gmail.com,BRYC,622479168482,TGMUJNVOUKHC,India,,
91,7551058876,rcrvq,sel@gmail.com,RJJZ,054294106502,TVWGXGERHVQE,India,,
91,7555362171,fwzsx,syz@gmail.com,XMKV,424465323039,CMPOUEPATEVS,India,,
91,7559597386,pjsdz,urq@gmail.com,SKDL,502463696902,SGPQBQEQOZOH,India,,
91,7575161697,zxzwo,nfk@gmail.com,CXWZ,354803428236,KOGJQJCNKAAG,India,,
91,7576412851,hcooo,fyv@gmail.com,HTBF,223707851603,MZRXDNPYZJBT,India,,
91,7603180688,cphbe,eah@gmail.com,WMMS,367992896452,YUVMQWPOQPFZ,India,,
91,7604288128,bdqle,gat@gmail.com,BSZG,437448445085,LRGYMEVFSDEM,India,,
91,7605399383,okxve,jkl@gmail.com,IPIP,862873988141,VKSNGJXZBOVA,India,,
91,7610533181,yidrw,bqo@gmail.com,DMIN,191439823018,FLZCRVJZYMOD,India,,
91,7659920209,yjrsj,cen@gmail.com,KBSQ,647994770173,FAMYOYZAFLCI,India,,
91,7676251538,pnegq,obx@gmail.com,LKYG,577264267942,TGOUTCIQOUXD,India,,
91,7683966392,wmero,ttb@gmail.com,SMJV,466033021752,MZJQHZDTAGAX,India,,
91,7690405404,aozph,kmb@gmail.com,WPQX,488112839063,JIEPQYDCLYBN,India,,
91,7698120456,jrpno,dhr@gmail.com,UOSU,911887213699,NNRHRPFDVSGA,India,,
91,7704226134,qhbft,uxa@gmail.com,SFIO,412566370013,GWHJMTMXOFND,India,,
91,7744029489,tyghx,cur@gmail.com,CPLQ,492197561803,MZQPKQBDNFWK,India,,
91,7762544166,mnlmz,xqk@gmail.com,KRJL,575172985607,VXKAAFJQZQHW,India,,
91,7775177638,wxbdd,llw@gmail.com,VQHG,046413654152,FTSTLQISGDCU,India,,
91,7790082508,cadkg,oyc@gmail.com,NLIC,150583013144,XUMCTDZXUVPE,India,,
91,7802617587,xhjyr,wkl@gmail.com,QUQX,591402701818,NMCEJDRXDAOX,India,,
91,7827607220,zxowa,xpp@gmail.com,EKYR,329715713012,VYWNVDBAISBX,India,,
91,7830348932,nnwml,bza@gmail.com,XQNE,839279829244,HYKIFGWLBMPX,India,,
91,7836998313,ryoau,rcj@gmail.com,NJPX,043185695544,RIEBRFEUMIFN,India,,
91,7858229330,pybdi,dxi@gmail.com,PCCJ,451219047823,BBERLJTOEFXM,India,,
91,7863272557,ruvji,sar@gmail.com,VFQK,860688940107,IPFHPZMSCYTM,India,,
91,7875637382,hzyay,xox@gmail.com,NZKU,552270434519,HMWFTIYLZOHY,India,,
91,7876638627,rkwxl,rwg@gmail.com,UAMU,166040136866,AKXFAHASFXTY,India,,
91,7886948886,sryho,ajs@gmail.com,RTNK,119730770895,EMIGGJSWTLIK,India,,
91,7898181536,lpjup,gma@gmail.com,MVRT,835445498351,CMFWQXRTQGFH,India,,
91,7901808834,zibay,fct@gmail.com,QTBS,451411693459,CHQYCSKVZIOJ,India,,
91,7938974632,mxetk,ipp@gmail.com,BHQD,148962090749,UEIQXUFCWSQH,India,,
91,7945859133,txfkx,hpr@gmail.com,PZWR,861553694850,RWQURTNEFVWH,India,,
91,7950698829,ehkwy,amx@gmail.com,LPJN,056531879751,SCJLUJAHKNGN,India,,
91,7963897392,ejnhf,jiw@gmail.com,EOZX,502068649567,GUFMIFLJRCTW,India,,
91,7975106785,ezura,alj@gmail.com,RDHQ,102035853036,SOXXYYOSFSYO,India,,
91,8001267720,xlgdt,dir@gmail.com,UEZK,603682966013,KAOJMLQCGJLD,India,,
91,8006711296,gchal,wql@gmail.com,IGJF,228341117555,SUGCBGTQDKSM,India,,
91,8009899673,ykinl,hnn@gmail.com,TYPD,652290171549,GQWONNEBGKYU,India,,
91,8047749944,bcajc,pws@gmail.com,UQYJ,794107309851,MMZXDIDTNMMO,India,,
91,8050213856,kyudc,qqz@gmail.com,XILD,599084593257,BDVSUFYFOAWJ,India,,
91,8055541470,wmzsm,sbh@gmail.com,UTSZ,186785228166,SRFGDEVJEJOI,India,,
91,8060722329,vjmhs,lrd@gmail.com,BNGE,429799103314,TWAYGXIAVOBQ,India,,
91,8069823996,iriue,krs@gmail.com,TKKZ,206489534552,RGLFGDKZEYBJ,India,,
91,8086319696,womtt,mlt@gmail.com,ZYGS,835896837795,OEBOAALBEVLM,India,,
91,8089753565,kqyfh,uyx@gmail.com,ZKPC,630901474995,VTELIMDJRNYB,India,,
91,8094129529,natms,ubp@gmail.com,QIDU,292414210586,GLPLONJCVNAA,India,,
91,8103287079,axmnh,pmr@gmail.com,SLJS,412558974814,EWNSHWWRUVSL,India,,
91,8105451304,bdvdt,hsc@gmail.com,PCGM,009218446609,EYDBWAREYOXL,India,,
91,8123316934,gfttu,nyv@gmail.com,EHKJ,184306674112,NBIODJAEOKSZ,India,,
91,8127925273,jbbmp,bbx@gmail.com,WTGV,559728500843,MTOXVPOVYNBI,India,,
91,8140138909,ufjfu,nve@gmail.com,TXDW,910275707276,HCBCELSMTJPD,India,,
91,8172609459,wdzmx,tfq@gmail.com,JISY,376073104102,OQHBYJVCBRUH,India,,
91,8180123313,bgurg,dgh@gmail.com,FAUD,210062909359,RNSTBBPQAKCG,India,,
91,8180707239,ykucy,ejo@gmail.com,JHZG,726680567693,YWXBWPEDECWZ,India,,
91,8181026095,htxvd,dqa@gmail.com,ZYMI,456668711783,OUEZJYMUDDFQ,India,,
91,8190504152,qxbxf,nww@gmail.com,VVDB,520267103383,THYTUMZYOVZY,India,,
91,8193355349,tvtkz,chf@gmail.com,ETCH,749878673230,KZVLAHEAZKMZ,India,,
91,8208366161,xhbyj,fia@gmail.com,YCYI,207729461805,CFDWOIMDGCBN,India,,
91,8224480380,wzpde,fjj@gmail.com,GIBH,913191127652,BOYMBLDHRGAH,India,,
91,8236957764,uwccx,gjo@gmail.com,TBFQ,745374819121,GMQDMMQVWVZC,India,,
91,8240969125,fmeqh,fxq@gmail.com,HEAA,798759494816,VWFVAWIVUUJU,India,,
91,8253065458,xvudh,cyk@gmail.com,KSHO,456106526880,VKMCZNEYKVYS,India,,
91,8271899022,lqear,wfe@gmail.com,OVHU,502547889683,IFSTMTUWXRNH,India,,
91,8277056644,bhzid,shy@gmail.com,WNYT,637664621260,NSYWHNDEFZXT,India,,
91,8284740561,fvhzk,auu@gmail.com,UFKD,425404447616,GJPCBPPNAMBH,India,,
91,8291600988,dgsdq,kep@gmail.com,ZGJC,166890835148,ZNTKCBKGIORU,India,,
91,8300258401,aizpy,ilw@gmail.com,UEFA,939459537083,QZXTFZPHRUQP,India,,
91,8310000560,sdkxa,jpu@gmail.com,NTOQ,590491308566,ALTUTYKRDTBS,India,,
91,8311797825,sfluk,tuc@gmail.com,ALOE,333075534275,RYKEKDRPVFPN,India,,
91,8312907112,hnpkh,uew@gmail.com,YREA,037807040760,NFFQZZYFZIPI,India,,
91,8337723518,hdetb,rmh@gmail.com,SXUP,458349619185,CFKMVCRZBDQA,India,,
91,8353251450,icjur,bai@gmail.com,LGRQ,125940496849,FBREKCSAYVSG,India,,
91,8361054886,qbtve,erw@gmail.com,EMAD,358307133270,KEMTSGOTFOVT,India,,
91,8372611322,kbewr,irl@gmail.com,KFAE,193208773457,DIOXFLJPDDVN,India,,
91,8377109264,xlabh,oys@gmail.com,AYIO,288325963965,NHWJMDEGIQEK,India,,
91,8381092915,dgtxu,dgr@gmail.com,SIIX,282614392417,OWMDXVEJWDRR,India,,
91,8391711831,upcpf,pbc@gmail.com,KYHO,086535730630,SXGAJPQYHIVW,India,,
91,8417986545,msthx,wiz@gmail.com,NGBY,871838123420,DYXHJNYGXYBI,India,,
91,8424033981,lsixb,vbh@gmail.com,UXYA,888033092163,UBLQDGOHJVSY,India,,
91,8430590680,qfubb,api@gmail.com,IPWB,346760099868,ZVTQLXXHWPHB,India,,
91,8445317121,sxbjp,dmb@gmail.com,YGHF,639320312060,LYOVJOVETFUW,India,,
91,8449796878,qvrpp,tym@gmail.com,HQUO,634390828311,OKTGPIHQDZRF,India,,
91,8461207110,gozpi,wlt@gmail.com,OPKO,019363800559,WMIZPLXAEKWY,India,,
91,8473026175,kueyd,bnz@gmail.com,RSUV,766925239288,PDJRXPPDSVFB,India,,
91,8488741879,mqrlm,qqd@gmail.com,UVQJ,890273399974,XUZWDCRVERJB,India,,
91,8499685397,iabmb,tux@gmail.com,EEPS,568408903306,ZGODEUONWZEN,India,,
91,8503540103,fwpes,prc@gmail.com,WXKZ,107479815258,QJDBCLEVKGJN,India,,
91,8526173417,xuvay,thw@gmail.com,XVZI,251014386205,LWCJWFAVJTWD,India,,
91,8530799655,duicg,sxc@gmail.com,PXTZ,833075705387,BGFRZKOAYRFU,India,,
91,8537931626,uqfdp,kqh@gmail.com,IXOT,713393751390,AATBRJDRBIKY,India,,
91,8550786489,jvjpg,xte@gmail.com,QTRU,400903673005,POYZTEBSENOP,India,,
91,8584381857,cajyz,ynj@gmail.com,TCYE,738889229590,KVVSYKCTZJWZ,India,,
91,8592399207,rmurx,nxf@gmail.com,CORJ,783610523430,HJXWKVKPTLPB,India,,
91,8594369362,lcfcf,pvp@gmail.com,CNPD,548661956326,VQQWLJGNEGKK,India,,
91,8606647028,iffxt,mdi@gmail.com,OSLI,351862913901,YAFLMWBVDJCA,India,,
91,8608660984,hvjwl,awq@gmail.com,TNJE,147928784428,HOPJYHBEMKEI,India,,
91,8609992350,ponmv,rzr@gmail.com,MAOX,532570605945,DMWEMWWJJPRM,India,,
91,8639373336,yislq,afb@gmail.com,MIOX,401609029466,ADFYEJBOTFOE,India,,
91,8647262947,fnxul,rar@gmail.com,ODAH,127959003457,YDIHOVFQVLDQ,India,,
91,8651740943,lsdio,xjk@gmail.com,UHFG,940978702865,ZRVGKXRLLWGV,India,,
91,8654346300,vvuyq,dzn@gmail.com,FEDW,687163260360,NORNEOOJRMMX,India,,
91,8717770215,ezdpy,ilf@gmail.com,IYGU,897804703769,QOHIZJHXSQEM,India,,
91,8720473160,yllqq,uhq@gmail.com,DBLC,278258232352,CILACSZRPMOB,India,,
91,8721116558,zupza,cmo@gmail.com,KWCG,038926769105,FVIIPLUZNSVL,India,,
91,8725591242,mveaf,vvn@gmail.com,DFXJ,094663131480,CKMCWEHDYPFC,India,,
91,8726653137,flpkw,gra@gmail.com,MHJW,688196773690,LNEVMNTVAYEK,India,,
91,8733631392,vidzl,zdi@gmail.com,UFSV,316223959770,SRSSEIOWNDJO,India,,
91,8759050665,efrmt,tfq@gmail.com,SHZP,929964634451,NUQYEISCYCHS,India,,
91,8761011712,ycdtw,abh@gmail.com,ANYE,271634739437,BJREFGSJXSWA,India,,
91,8784795820,jqzuu,tpy@gmail.com,TOJA,598778405707,SXKPHNGNLUVU,India,,
91,8795116129,wvifk,jbj@gmail.com,TVND,398546944919,DXGGJFBQUOAK,India,,
91,8800676147,rtcaq,etw@gmail.com,LFAA,117770174426,YTYIITZCVQLD,India,,
91,8800910907,eenrf,wvp@gmail.com,VEOR,190667268752,WKWQUTHDGQTO,India,,
91,8802770157,twghc,odc@gmail.com,XVAV,422270187891,WJSUCVSGQRYP,India,,
91,8806287943,yydpz,ldt@gmail.com,LLLE,863250766269,ICEIWXTFPVWA,India,,
91,8811146852,oibwb,nxs@gmail.com,BKYQ,257465330928,MIQKUQDQJSKN,India,,
91,8813478483,ucipy,gpu@gmail.com,WXVC,448162141288,ZFXDHCQKDEFN,India,,
91,8826727034,rjpom,lat@gmail.com,SYYW,339815216158,QVZOROLKTWLC,India,,
91,8828652057,omwvr,nay@gmail.com,STDT,800877837259,HNRGPAAVIGXC,India,,
91,8831003738,vmvlb,uhc@gmail.com,EFMM,753671990337,CSZZFSNEMVFE,India,,
91,8834157543,mlwwx,dtb@gmail.com,ULQZ,219310984761,AKIRKRZKIYOT,India,,
91,8843649745,kkcqd,edk@gmail.com,QDRY,519181240439,IQWWSMIYPLFJ,India,,
91,8860987607,ucdut,ehy@gmail.com,PBXJ,275496609628,UPJTAYBAMFAJ,India,,
91,8887569272,mzerp,nly@gmail.com,TCHF,446669198119,TZPKTIUJXGFD,India,,
91,8888124365,oeoyf,rxh@gmail.com,MHUG,346602004612,GYPTCSGKKGPO,India,,
91,8888623790,siedi,hwf@gmail.com,ZQWD,725215653233,DPFONUSZEBDL,India,,
91,8899960523,cnpld,xxb@gmail.com,NWEW,233982527403,WIBQXBQOCUGG,India,,
91,8910252483,yaikx,lyf@gmail.com,VOTO,174686142073,CMIAJWSIXTLD,India,,
91,8919167264,vwwxe,qdq@gmail.com,JBZS,857116129186,ITWTYYENJIZU,India,,
91,8923807220,cxstt,tpf@gmail.com,NYCO,489231496181,PMXWWLXZLMEO,India,,
91,8930512037,eucgs,ehn@gmail.com,ISOW,102712170039,GLOCOASUEEBU,India,,
91,8936563829,xsveo,qwg@gmail.com,OVVH,399227114284,CRTPVYCNCIRX,India,,
91,8938001289,bfuze,aae@gmail.com,BHSP,223738404893,TDQPPFWQGICK,India,,
91,8962969233,mhoqk,heh@gmail.com,YYSK,829931796221,OYEZXECNQSBI,India,,
91,8968028006,plnyy,uho@gmail.com,ARPJ,458396802549,HIJPDDQNCCII,India,,
91,8968075862,txpme,cfi@gmail.com,KYKF,292483073434,VPVQFSDBFOIJ,India,,
91,8976165115,fbwkz,gbs@gmail.com,GGUH,458458066966,ZZYAZCTXYVDS,India,,
91,8984854107,xacri,vdr@gmail.com,UEYU,991437762520,CJHTOXGLLDLF,India,,
91,8995995679,itrup,icg@gmail.com,QZYQ,516768911971,CUZYPHVKQKIF,India,,
91,8996334914,jjydh,ype@gmail.com,NTOH,555739282592,NMPPELNEUNHY,India,,
91,8998715735,ghxuu,xaw@gmail.com,JKKT,397267526121,JLBZBMNMXWSS,India,,
91,9005129710,ueolr,xje@gmail.com,BSVT,351981519835,DMHHLDWOJKFY,India,,
91,9013633992,yoerq,azp@gmail.com,WDQM,132810986670,ABWJQECSEOVZ,India,,
91,9028503921,mnzde,ety@gmail.com,DMRK,031308760793,IFTEYJIMFQDZ,India,,
91,9037383663,muqrd,kmj@gmail.com,JDUF,055293682453,OALJCWGKRQCG,India,,
91,9053601898,xifme,hry@gmail.com,QRII,799677898218,PPGNFEBMNPTI,India,,
91,9056107383,ddtbs,lcy@gmail.com,PBEH,375887940781,GWVFLQDGTBEF,India,,
91,9059765584,njtga,apc@gmail.com,KQDL,483223730725,PXJETIZIVQDM,India,,
91,9077134658,lezyi,anz@gmail.com,REUT,894874499199,OVKHJVOMJPTM,India,,
91,9091443495,roxxx,jxm@gmail.com,RERP,697458840882,UGFBOMXUHDHP,India,,
91,9091794343,jdslm,cbc@gmail.com,VCEZ,357198595092,GMZSGTVFCWMM,India,,
91,9092350340,lpxos,jjv@gmail.com,SDFX,195287617545,MUYFLOEYENUR,India,,
91,9097202954,qnvvv,sca@gmail.com,KDAC,511875827686,LDMATWVOPSXD,India,,
91,9103223159,wibqo,fna@gmail.com,BNFR,386241148935,LZAKMGYYWFPS,India,,
91,9108094360,whteo,mdc@gmail.com,FGBZ,311001686501,QRCJQTSGKJTC,India,,
91,9123316306,hoxju,npj@gmail.com,DMKS,779954448432,FTUGEYAUDOWW,India,,
91,9123676502,hbqst,ire@gmail.com,QCRC,488792207597,SCXDMJNINYLA,India,,
91,9127277364,zurnm,dhf@gmail.com,QOQV,833764077456,RHVCXKYNHNCM,India,,
91,9141925457,juuba,qqj@gmail.com,HJUI,456194190171,XPGRWCAVOYLR,India,,
91,9143340645,golcw,ksg@gmail.com,COZB,143421695262,RLMVJBNVHLIS,India,,
91,9160416390,ticri,ymi@gmail.com,UUMX,781771865074,QDKPVUMNSOEB,India,,
91,9167307581,wkadr,ejb@gmail.com,EJMY,355341420782,YTKGJRUVCXFY,India,,
91,9168019639,fupxj,bee@gmail.com,ALVP,680714271211,RIPCOYSVOTZF,India,,
91,9168055514,mtaov,rsc@gmail.com,NWIO,021776397046,ODPEPYRMOTUK,India,,
91,9177678650,qiyen,nvd@gmail.com,JTTR,155830118716,PCXPNMWIISJC,India,,
91,9194846876,fouas,fsy@gmail.com,MBKX,616445920088,UDKVBGOHANZR,India,,
91,9215286053,mprdz,bhh@gmail.com,IGRH,504766912578,VDMDCLUBOLMO,India,,
91,9224067373,bojcs,zio@gmail.com,VAFG,433186800308,MTRHRUYIHXHV,India,,
91,9229983705,ozubx,lup@gmail.com,SOPA,062243903162,HDKYEUVZSSAK,India,,
91,9232899642,vvfqx,lmc@gmail.com,OKVH,418690412284,COBRYNFQLMSI,India,,
91,9233920716,ezrsb,dmv@gmail.com,CBKR,701550152261,WHWDBZOUZMSL,India,,
91,9238750883,pjhoi,yfe@gmail.com,VBVY,155596299959,DCVFXIKAFOIX,India,,
91,9241325601,gulkp,ewd@gmail.com,GUKP,675136149813,AGFVPJTJLTUT,India,,
91,9251222245,mmgho,yli@gmail.com,FAVW,560270066728,TEPZHNMSERJI,India,,
91,9252490887,rfnxg,lay@gmail.com,GOTY,645122412625,SCJOPSFADFGB,India,,
91,9269307852,nrjbh,ogq@gmail.com,NBZP,750161511181,EGBFYFLLDTYZ,India,,
91,9270765557,evzzp,odb@gmail.com,KFEB,637861334815,CUXHGLDJRYEK,India,,
91,9274804607,yclow,ayn@gmail.com,DOLG,063624195197,GFQQCACQATST,India,,
91,9300598600,mccdp,ymx@gmail.com,QPLS,698338702631,DMPCWSHFFWRV,India,,
91,9300637746,lityg,mxq@gmail.com,RPJR,009544709246,SDPHNYGSRICH,India,,
91,9300989434,yvmog,siw@gmail.com,HOKE,350010965988,QNOTTCQBYDMD,India,,
91,9301716466,nhlwq,rul@gmail.com,THUB,295107301846,MSOOHNLTSDFJ,India,,
91,9307043195,jpcxn,mrb@gmail.com,ZINC,035673900999,NOHHOWATBARM,India,,
91,9307846464,qdxie,gxo@gmail.com,BKUV,737487318666,EHPQGHFNYPQD,India,,
91,9327448284,tjzkz,jaz@gmail.com,CHVN,143129642575,MVNWZZSBCVVF,India,,
91,9328159868,zuwzz,qpb@gmail.com,CYSC,193702641334,UQJKJPOHOGFD,India,,
91,9335145966,jxvyx,ckb@gmail.com,AEOI,357422505442,IKRYTCKPMRFP,India,,
91,9335402767,wqsil,dpm@gmail.com,NFWT,495970120898,PSGWINQZHION,India,,
91,9353056020,vyxuu,pjj@gmail.com,LKIV,250162069521,BHVZYYJGNFAV,India,,
91,9367720438,catqk,tle@gmail.com,GUON,214694315140,MZNRCCWRTFLE,India,,
91,9384053889,yftzj,vne@gmail.com,SIAS,557396953244,TMRKRBFUTBKE,India,,
91,9392973701,raoch,zpn@gmail.com,ZPJG,305019675747,LDJXZDUBAGBH,India,,
91,9406299183,hzseq,oun@gmail.com,AAGX,266216742021,UUTUSFVQDXXC,India,,
91,9416114257,ehafr,xjp@gmail.com,VCUM,728263444890,ALRVONLSSVMH,India,,
91,9422521647,qnjjp,zmx@gmail.com,ZUXV,923783458775,GZRZAVCLAUNQ,India,,
91,9426360371,kdfla,dcd@gmail.com,NODR,770839534835,XEYXUPKRMUPF,India,,
91,9429374192,svpmz,dxw@gmail.com,AXHB,392662680848,MOBNMXDMZPHV,India,,
91,9432795432,axnse,lpi@gmail.com,SMYB,747651190525,NEJIDMYPZSUF,India,,
91,9436393361,opyba,vnk@gmail.com,TXOR,084984769837,XQRNDDSAFXCV,India,,
91,9439431919,cfzzm,apa@gmail.com,NTIY,260876220206,LKYTWAMMSCUP,India,,
91,9447484040,fqzef,vrx@gmail.com,SKGY,597514368478,IZTNPDPZWBWY,India,,
91,9448599108,ofnfo,chu@gmail.com,UDFX,167100423328,HXTXNEWKKJRI,India,,
91,9451807431,mvuzs,say@gmail.com,GQRO,499533856133,EXIEVNIZUOKM,India,,
91,9451842368,xdfoj,ekp@gmail.com,EUFM,564020813846,DKXIHILOVMKQ,India,,
91,9451902868,ktqjz,arc@gmail.com,LFSC,867577667884,CXVQRYHPWFLH,India,,
91,9455957064,imyrd,lys@gmail.com,VSVF,074908761190,DNXTOBOXFLNK,India,,
91,9468535245,jflxa,qfz@gmail.com,IDYP,486616071409,XJEEGIXOPLYO,India,,
91,9470568268,dqzzc,hnj@gmail.com,MELF,390605888826,QADNEJCLUZUH,India,,
91,9477032526,iackx,dpz@gmail.com,ISRQ,500801205865,PQZTJAFOKYFF,India,,
91,9478346146,lskls,wyu@gmail.com,CLPF,572205024465,IJLXWEPHIHTZ,India,,
91,9482492044,sjxgx,kek@gmail.com,SYST,075454740358,FUFHPNBJSCSO,India,,
91,9525378850,lmhvo,hub@gmail.com,KSXP,781040600491,NVPCQQBGXWGU,India,,
91,9539186833,ydftx,pfv@gmail.com,GKTO,862219839609,EPBHSVGXCVXH,India,,
91,9546218218,ngfyc,edc@gmail.com,KWQC,787006307137,CUPWUXHGHKGH,India,,
91,9550942192,sltor,tem@gmail.com,IJWU,468798716997,FBLBCBNNUIAL,India,,
91,9562322153,ptiug,ylg@gmail.com,SVHS,083321090174,IVNCLWZJLDQG,India,,
91,9562963014,pabwl,qzu@gmail.com,TYYV,985195740722,KNSLWWVXDTYO,India,,
91,9573833637,ekwlm,kmz@gmail.com,TQIA,634351342186,HZXIESLDUDQW,India,,
91,9593153571,zqkjg,cuc@gmail.com,BOHA,533302934689,KXVGDAXMWUGD,India,,
91,9594882936,parvq,gwu@gmail.com,EAVY,715159430816,NKCDQRUNGAHN,India,,
91,9603624091,ebsug,upc@gmail.com,FJHG,878759245413,OPGIIIXVUIPM,India,,
91,9625733981,uxujb,vyc@gmail.com,VUTK,140759588862,UAMYRQHIZHRV,India,,
91,9646967366,teoix,rpb@gmail.com,UWOI,045536157869,YFQYOBMEQEOY,India,,
91,9650806595,uamij,ugp@gmail.com,KXCB,742669696164,RHQNQNHZWRMM,India,,
91,9653632623,ezhxu,ibc@gmail.com,UUCS,430678818193,CYMUJDSVYEBH,India,,
91,9653730255,elxoo,hov@gmail.com,WNZJ,059895440093,VFWGVLYPMOQG,India,,
91,9655951972,iobmu,mpn@gmail.com,LFXN,998184480001,CNYIRIMKEGSF,India,,
91,9662069944,limcn,lwa@gmail.com,HMYF,450185876869,QKAZJWHCKQXC,India,,
91,9664676947,inhgy,fhb@gmail.com,CVSH,762557306453,EMOYUBFMLBHX,India,,
91,9667104757,ncwyy,tjf@gmail.com,KCJS,012667050988,LZNXIZXXSKQI,India,,
91,9705023750,cwnkc,qmt@gmail.com,OWUQ,359642004447,GSXFFMAQWKAO,India,,
91,9723782848,clkzc,int@gmail.com,MBOA,380075137812,DEVZNJCVIUBA,India,,
91,9729291081,fndwp,puj@gmail.com,SVCL,495179760552,QDOQASFNUWSF,India,,
91,9741453297,ppvzt,hwa@gmail.com,HORJ,190447169563,WAQZYVJDZWZW,India,,
91,9742230781,apyua,jlr@gmail.com,EAXP,097118371120,RCDEDEIULVWH,India,,
91,9742905926,gycvu,fsa@gmail.com,ZTTK,259258332512,QDFPRTAFRATX,India,,
91,9747000009,mtapj,gir@gmail.com,RINV,308801852321,EHFRCYSDWHTC,India,,
91,9747407231,bwdpq,vuf@gmail.com,HMAH,564590681063,OMTETDVPYAXV,India,,
91,9753642085,tpfwv,jra@gmail.com,LICD,237370300730,WBAZHNWYUSSD,India,,
91,9771773566,ibxdr,pao@gmail.com,EJFP,440753802120,SMSKXFVQIGFU,India,,
91,9777717922,pgzvx,wkg@gmail.com,UNHO,031171330088,DCWXKUOMPYPL,India,,
91,9815055283,fjnxs,foe@gmail.com,XVHW,784657673403,QBIPHOIUGEJK,India,,
91,9817153349,pwvca,eyb@gmail.com,QQFU,112662547211,OHPSVFAPAZSD,India,,
91,9817568469,bxrcx,nsa@gmail.com,RCIT,675232900269,JFAKDCIZTKJK,India,,
91,9828831777,bewuh,sjt@gmail.com,GFVV,966839236500,JHUKGQYETJGS,India,,
91,9844770017,uggjw,oja@gmail.com,PRYG,666056043907,ZOTJNHRAYFDP,India,,
91,9850099745,gdjen,ryd@gmail.com,LZJU,793827087042,BXREHSXNOGQX,India,,
91,9851919744,scpbh,pca@gmail.com,QILM,393329203158,GOFETIYSIECH,India,,
91,9853018438,lnrnd,adu@gmail.com,WIIU,422472957799,CYUEVIOEPJGK,India,,
91,9859766026,xkkez,iue@gmail.com,QSYT,973031123424,HZGZZQDJNOUT,India,,
91,9859911076,tqpqi,rhs@gmail.com,RCUS,774166052001,RHHJZEQGGYXT,India,,
91,9863327859,qfset,jsx@gmail.com,ZYUZ,052083062822,OJUDUWFQTNFB,India,,
91,9864199652,nfaxc,veq@gmail.com,NMRJ,530458005208,MKHXSQTGOKHV,India,,
91,9881279332,cdmvg,meb@gmail.com,GVJY,998292740609,XOUHXPQRJHSA,India,,
91,9881924605,wvuvx,ehk@gmail.com,LGJR,676148390434,ZBFZEOHHJVST,India,,
91,9906331910,nsyvw,dsy@gmail.com,HDHW,386517999484,QDRIHEFRRFJT,India,,
91,9909117833,tlmbe,ors@gmail.com,IQLE,550568445185,KZHOTCDENVGU,India,,
91,9931564235,gmmeg,avx@gmail.com,RFXD,960903608751,NXFGFNXXVJEW,India,,
91,9945216657,wtqwa,pgy@gmail.com,HNHG,067122099854,TBPUYWUBTENW,India,,
91,9972857470,ffgcx,nup@gmail.com,WWHX,983259842505,TMYICVYUKBPU,India,,
91,9994678124,lyhrr,uvi@gmail.com,MHNF,068975678685,MEGKNAGBIHNP,India,,